Brand,Strap_color,Size,Flipkart_assured,Sponsored,Page_num,Price,Original_price,Discount,Price_category,Ratings,Reviews,Promotion_tag
Boat,Blue,Free Size,True,True,1,1099,6999,84% off,Budget,4.1,135086,Super Deals
Noise,Midnight Blue,Regular,True,True,1,999,5999,83% off,Budget,4.1,883543,Super Deals
Noise,Rose Pink,Regular,True,False,1,999,5999,83% off,Budget,4.1,883543,Super Deals
Boat,Active Black,Free Size,True,False,1,1099,6999,84% off,Budget,4.1,135086,Super Deals
Noise,Jet Black,Regular,True,False,1,999,5999,83% off,Budget,4.1,883543,Super Deals
Goboult,Coal Black,Free Size,False,True,1,1799,4999,64% off,Budget,4.1,20170,Upto ₹300 Off on Exchange
Boat,Bold Black,Free Size,True,False,1,1199,7990,84% off,Budget,4.1,424423,Upto ₹300 Off on Exchange
Boat,Cherry Blossom,Free Size,True,False,1,1099,6999,84% off,Budget,4.1,135086,Super Deals
Gamesir,Grey-1,Free Size,False,False,1,873,2999,70% off,Budget,3.8,1680,Bank Offer
Boat,Metal Grey,Free Size,True,False,1,1249,7499,83% off,Budget,4.1,135086,Super Deals
Goboult,Metal Black,Free Size,True,True,1,1199,8999,86% off,Budget,4.2,2335,Upto ₹300 Off on Exchange
Goboult,Ash Black,Free Size,False,True,1,1599,9999,84% off,Budget,4.0,20427,Super Deals
Noise,Jet Black,Regular,True,False,1,1199,4999,76% off,Budget,4.1,623295,Upto ₹300 Off on Exchange
Fastrack,Black,Free Size,True,False,1,2299,7995,71% off,Mid-Range,4.3,136408,Super Deals
Goboult,Amber Blue,Free Size,False,False,1,1899,4999,62% off,Budget,4.1,20170,Upto ₹300 Off on Exchange
Gamesir,Silver Metal,Free Size,False,False,1,974,2999,67% off,Budget,3.8,906,Bank Offer
Goboult,Black,Free Size,True,True,1,2499,7999,68% off,Mid-Range,4.1,402661,Upto ₹300 Off on Exchange
Fire,Charcoal Grey,Free Size,False,True,1,999,14999,93% off,Budget,4.1,482547,Super Deals
Melbon,"Black, Grey",Free Size,False,False,1,809,2999,73% off,Budget,3.3,43,Only few left
Melbon,Black,Free Size,True,False,1,783,2999,73% off,Budget,4.4,18,Only few left
Goboult,Jet Black,Free Size,True,True,1,1899,6999,72% off,Budget,4.2,50447,Upto ₹300 Off on Exchange
Gamesir,Black,Free Size,False,True,1,894,3999,77% off,Budget,3.7,718,Bank Offer
Genvus,Black,FREE SIZE,False,False,1,670,2999,77% off,Budget,4.1,402661,Only few left
Goboult,Gunmetal,Free Size,True,False,1,1199,7999,85% off,Budget,4.1,402661,Upto ₹300 Off on Exchange
Gamesir,Orange,Free Size,False,False,1,686,1999,65% off,Budget,3.5,506,Only few left
Gamesir,Pink,Free Size,False,False,1,717,1999,64% off,Budget,3.5,1726,Only few left
Fire,Black Dual,Free Size,False,True,1,1299,9999,87% off,Budget,4.1,335485,Super Deals
Goboult,Silver,Free Size,True,True,1,1299,4499,71% off,Budget,4.1,119644,Upto ₹300 Off on Exchange
Boat,Green,Free Size,True,False,1,1399,6999,80% off,Budget,4.1,135086,Upto ₹300 Off on Exchange
Gamesir,Pink,Free Size,True,False,1,693,1999,65% off,Budget,3.3,161,Only few left
Goboult,Silver,Free Size,True,True,1,1799,6999,74% off,Budget,4.0,5251,Upto ₹300 Off on Exchange
Goboult,Green,Free Size,True,True,1,1099,7999,86% off,Budget,4.1,402661,Upto ₹300 Off on Exchange
Gamesir,Pink,Free Size,False,False,1,709,1999,64% off,Budget,3.2,62,Only few left
Gamesir,Black,Free Size,False,False,1,709,999,29% off,Budget,3.3,21,Only few left
Melbon,Metal Silver,Free Size,True,False,1,867,2999,71% off,Budget,4.1,22,Only few left
Melbon,Metal Silver,Free Size,False,False,1,878,2999,70% off,Budget,3.8,54,Only few left
Beatxp,Electric Black,Free Size,False,False,1,6499,6999,84% off,Premium,4.1,146012,Only 3 left
Melbon,Gold,Free Size,True,False,1,904,3999,77% off,Budget,5.0,3,Only few left
Gamesir,Pink,Free Size,False,False,1,686,1999,65% off,Budget,3.5,1726,Only few left
Melbon,Grey,Regular,False,False,1,686,2999,77% off,Budget,3.6,66,Only few left
Boat,Blue,Free Size,True,True,2,1099,6999,84% off,Budget,4.1,134922,Super Deals
Noise,Midnight Blue,Regular,True,True,2,999,5999,83% off,Budget,4.1,883543,Super Deals
Gamesir,Black,Free Size,False,False,2,693,1999,65% off,Budget,3.1,63,Only few left
Fire,Black,Free Size,True,False,2,1399,8999,84% off,Budget,4.1,330838,Upto ₹300 Off on Exchange
Cellecor,Black,Free Size,True,False,2,999,3999,75% off,Budget,4.2,676,Only 1 left
Samsung,Gray,Free Size,True,False,2,3499,9999,65% off,Mid-Range,4.4,23221,Upto ₹300 Off on Exchange
Goboult,Metal Black,Free Size,True,True,2,1199,8999,86% off,Budget,4.2,2335,Upto ₹300 Off on Exchange
Goboult,Ash Black,Free Size,False,True,2,1599,9999,84% off,Budget,4.0,20427,Super Deals
Nervfit,Cloud Grey,Free size,True,False,2,1507,7999,81% off,Budget,4.0,882,Bank Offer
Gamesir,Black,Free Size,False,False,2,865,3999,78% off,Budget,3.7,1463,Bank Offer
Goboult,Black,Free Size,True,True,2,2499,7999,68% off,Mid-Range,4.1,402661,Upto ₹300 Off on Exchange
Fire,Charcoal Grey,Free Size,False,True,2,999,14999,93% off,Budget,4.1,482547,Super Deals
Noise,Deep Wine,Regular,True,False,2,999,5999,83% off,Budget,4.1,883543,Super Deals
Redmi,Black Drift,Free Size,True,False,2,1999,3999,50% off,Budget,4.4,27077,Upto ₹300 Off on Exchange
Boat,Active Black,Free Size,True,False,2,1199,6999,82% off,Budget,4.3,2343,Super Deals
Noise,Midnight Blue,Regular,True,False,2,1199,4999,76% off,Budget,4.1,623295,Upto ₹300 Off on Exchange
Boat,Bold Black,Free Size,True,True,2,1199,7990,84% off,Budget,4.1,424423,Upto ₹300 Off on Exchange
Goboult,Jet Black,Free Size,True,True,2,1899,6999,72% off,Budget,4.2,50447,Upto ₹300 Off on Exchange
Noise,Jet Black,Regular,True,False,2,999,5999,83% off,Budget,4.1,623295,Bank Offer
Fire,Grey,Free Size,True,False,2,1399,8999,84% off,Budget,4.1,330838,Upto ₹300 Off on Exchange
Gamesir,Black,Free Size,False,True,2,894,3999,77% off,Budget,3.7,718,Bank Offer
Fire,Black Dual,Free Size,False,True,2,1299,9999,87% off,Budget,4.1,335485,Super Deals
Fastrack,Black,Free Size,True,False,2,1299,2799,53% off,Budget,4.2,30749,Upto ₹300 Off on Exchange
Noise,Jet Black,Regular,True,False,2,1199,4999,76% off,Budget,4.1,623295,Upto ₹300 Off on Exchange
Noise,Silver Grey,Regular,True,False,2,999,5999,83% off,Budget,4.1,883543,Super Deals
Fastrack,Black,Free Size,True,False,2,1499,3995,62% off,Budget,4.3,77959,Upto ₹300 Off on Exchange
Goboult,Silver,Free Size,True,True,2,1299,4499,71% off,Budget,4.1,119644,Upto ₹300 Off on Exchange
Goboult,Silver,Free Size,True,True,2,1799,6999,74% off,Budget,4.0,5251,Upto ₹300 Off on Exchange
Noise,Midnight Gold,Regular,True,False,2,999,5999,83% off,Budget,4.1,883543,Super Deals
Boat,Active Black,Free Size,False,False,2,1199,8499,85% off,Budget,4.0,34022,Super Deals
Goboult,Green,Free Size,True,True,2,1099,7999,86% off,Budget,4.1,402661,Upto ₹300 Off on Exchange
Punnkfunnk,Black,Regular Size,False,True,2,834,2999,72% off,Budget,3.7,1085,Bank Offer
Boat,Active Black,Free Size,True,False,2,1149,7499,84% off,Budget,4.1,7904,Super Deals
Boat,Active Black,Free Size,False,False,2,1149,7499,84% off,Budget,4.1,424423,Upto ₹300 Off on Exchange
Fire,Black,Free Size,True,False,2,1499,11999,87% off,Budget,4.0,191592,Upto ₹300 Off on Exchange
Noise,Elite Black,Regular,True,False,2,1399,6999,80% off,Budget,4.1,883543,Super Deals
Fire,Milange Grey,Free Size,True,True,2,1299,9999,87% off,Budget,4.1,335485,Upto ₹300 Off on Exchange
Gamesir,Pink,Free Size,True,True,2,695,1999,65% off,Budget,3.7,218,Bank Offer
Fastrack,Black,Free Size,True,False,2,1499,3995,62% off,Budget,4.3,77959,Only 3 left
Realme,Grey,One Size,True,False,2,2899,9999,71% off,Mid-Range,4.2,11857,Upto ₹300 Off on Exchange
Boat,Blue,Free Size,True,True,3,1099,6999,84% off,Budget,4.1,134922,Super Deals
Noise,Midnight Blue,Regular,True,True,3,999,5999,83% off,Budget,4.1,883543,Super Deals
Noise,Midnight Blue,Regular,True,False,3,1199,4999,76% off,Budget,4.2,192796,Upto ₹300 Off on Exchange
Noise,Jet Black,Regular,True,False,3,1699,6999,75% off,Budget,4.1,883543,Upto ₹300 Off on Exchange
Fire,Black Classic,Free Size,True,False,3,999,11999,91% off,Budget,4.0,86054,Super Deals
Noise,Midnight Black,Regular,True,False,3,1199,6999,82% off,Budget,4.1,78166,Only few left
Goboult,Metal Black,Free Size,True,True,3,1199,8999,86% off,Budget,4.2,2335,Upto ₹300 Off on Exchange
Goboult,Ash Black,Free Size,False,True,3,1599,9999,84% off,Budget,4.0,20427,Super Deals
Noise,Rose Pink,Regular,True,False,3,1199,4999,76% off,Budget,4.1,623295,Upto ₹300 Off on Exchange
Boat,Flamngo Pink,Free Size,True,False,3,1199,7990,84% off,Budget,4.1,424423,Upto ₹300 Off on Exchange
Goboult,Black,Free Size,True,True,3,2499,7999,68% off,Mid-Range,4.1,402661,Upto ₹300 Off on Exchange
Fire,Charcoal Grey,Free Size,False,True,3,999,14999,93% off,Budget,4.1,482547,Super Deals
Boat,Active Black,Free Size,False,False,3,1099,8499,87% off,Budget,4.1,424423,Upto ₹300 Off on Exchange
Noise,Deep Wine,Regular,True,False,3,1199,4999,76% off,Budget,4.1,623295,Upto ₹300 Off on Exchange
Noise,Deep Wine,Regular,True,False,3,999,5999,83% off,Budget,4.1,623295,Bank Offer
Boat,Active Black,Free Size,False,False,3,1499,6499,76% off,Budget,4.1,18702,Upto ₹300 Off on Exchange
Boat,Bold Black,Free Size,True,True,3,1199,7990,84% off,Budget,4.1,424423,Upto ₹300 Off on Exchange
Goboult,Jet Black,Free Size,True,True,3,1899,6999,72% off,Budget,4.2,50447,Upto ₹300 Off on Exchange
Noise,Elite Black,Regular,True,False,3,1699,5999,71% off,Budget,4.2,35643,Upto ₹300 Off on Exchange
Fastrack,Black,Free Size,True,False,3,1499,3995,62% off,Budget,4.3,1702,Upto ₹300 Off on Exchange
Gamesir,Black,Free Size,False,True,3,894,3999,77% off,Budget,3.7,718,Bank Offer
Fire,Black Dual,Free Size,False,True,3,1299,9999,87% off,Budget,4.1,335485,Super Deals
Fire,Gold Black,Free Size,True,False,3,1399,8999,84% off,Budget,4.1,330838,Upto ₹300 Off on Exchange
Fire,Black,Free Size,True,False,3,1099,9999,89% off,Budget,4.1,482547,Upto ₹300 Off on Exchange
Fastrack,Beige,Free Size,True,False,3,1499,3995,62% off,Budget,4.3,77959,Only 1 left
Fastrack,Black,Free Size,True,False,3,1399,3995,64% off,Budget,4.2,340250,Upto ₹300 Off on Exchange
Goboult,Silver,Free Size,True,True,3,1299,4499,71% off,Budget,4.1,119644,Upto ₹300 Off on Exchange
Goboult,Silver,Free Size,True,True,3,1799,6999,74% off,Budget,4.0,5251,Upto ₹300 Off on Exchange
Goboult,Beige,Free Size,True,False,3,1099,7999,86% off,Budget,4.1,402661,Upto ₹300 Off on Exchange
Goboult,Denim Blue,Free Size,True,False,3,1199,8499,85% off,Budget,4.1,402661,Upto ₹300 Off on Exchange
Goboult,Green,Free Size,True,True,3,1099,7999,86% off,Budget,4.1,402661,Upto ₹300 Off on Exchange
Punnkfunnk,Black,Regular Size,False,True,3,834,2999,72% off,Budget,3.7,1085,Bank Offer
Goboult,Raven Black,Free Size,True,False,3,1199,6999,82% off,Budget,4.1,57476,Upto ₹300 Off on Exchange
Fire,Active Black,Free Size,True,False,3,1299,9999,87% off,Budget,4.1,335485,Upto ₹300 Off on Exchange
Fastrack,Beige,Free Size,True,False,3,1499,3995,62% off,Budget,4.3,77959,Upto ₹300 Off on Exchange
Melbon,Black,Free Size,False,False,3,1412,4999,71% off,Budget,3.5,1087,Only few left
Fire,Milange Grey,Free Size,True,True,3,1299,9999,87% off,Budget,4.1,335485,Upto ₹300 Off on Exchange
Gamesir,Pink,Free Size,True,True,3,695,1999,65% off,Budget,3.7,218,Bank Offer
Fire,Wine,Free Size,True,False,3,1299,7999,83% off,Budget,4.1,482547,Only few left
Boat,Steel Black,Free Size,True,False,3,1699,9999,83% off,Budget,4.0,2658,Super Deals
Boat,Blue,Free Size,True,True,4,1099,6999,84% off,Budget,4.1,134922,Super Deals
Goboult,Metal Black,Free Size,True,True,4,1199,8999,86% off,Budget,4.2,2335,Upto ₹300 Off on Exchange
Noise,Rose Pink,Regular,True,False,4,1699,6999,75% off,Budget,4.1,883543,Upto ₹300 Off on Exchange
Goboult,Silver,Free Size,True,False,4,1899,6999,72% off,Budget,4.2,50447,Upto ₹300 Off on Exchange
Fire,Black,Free Size,True,False,4,1299,11999,89% off,Budget,4.0,86054,Upto ₹300 Off on Exchange
Fire,Rose Gold Millanese,Free Size,True,False,4,1599,12999,87% off,Budget,4.0,191592,Upto ₹300 Off on Exchange
Goboult,Jet Black,Free Size,True,True,4,1899,6999,72% off,Budget,4.2,50447,Upto ₹300 Off on Exchange
Noise,Vintage Brown,Regular,True,True,4,2699,7999,66% off,Mid-Range,4.2,12801,Super Deals
Techwind,Mullti Color,Free Size,True,False,4,216,649,66% off,Budget,4.1,207,Bank Offer
Huawei,Pink,Free size,True,False,4,3099,6499,52% off,Mid-Range,4.4,114,Super Deals
Goboult,Ash Black,Free Size,False,True,4,1599,9999,84% off,Budget,4.0,20427,Super Deals
Fire,Black Dual,Free Size,False,True,4,1299,9999,87% off,Budget,4.1,335485,Super Deals
Noise,Blue,Regular,True,False,4,1899,6999,72% off,Budget,4.2,106419,Super Deals
Fastrack,Wine Red,Free Size,True,False,4,1299,2799,53% off,Budget,4.2,30749,Upto ₹300 Off on Exchange
Goboult,Jet Black,Free Size,True,False,4,1099,8499,87% off,Budget,4.1,402661,Upto ₹300 Off on Exchange
Goboult,Green,Free Size,True,False,4,1499,6999,78% off,Budget,4.1,1439,Upto ₹300 Off on Exchange
Goboult,Silver,Free Size,True,True,4,1799,6999,74% off,Budget,4.0,5251,Upto ₹300 Off on Exchange
Noise,Midnight Blue,Regular,True,True,4,999,5999,83% off,Budget,4.1,883543,Super Deals
Punnkfunnk,Black,Regular Size,False,False,4,834,2999,72% off,Budget,3.7,1085,Bank Offer
Redmi,Blue Blaze,Free Size,True,False,4,1999,3999,50% off,Budget,4.4,27077,Upto ₹300 Off on Exchange
Goboult,Silver,Free Size,True,True,4,1299,4499,71% off,Budget,4.1,119644,Upto ₹300 Off on Exchange
Boat,Bold Black,Free Size,True,True,4,1199,7990,84% off,Budget,4.1,424423,Upto ₹300 Off on Exchange
Noise,Mocha Brown,Regular,True,False,4,1199,6999,82% off,Budget,4.1,78166,Upto ₹300 Off on Exchange
Boat,Royal Blue,Free Size,True,False,4,1199,7990,84% off,Budget,4.1,424423,Super Deals
Fastrack,Black,Free Size,True,False,4,1399,3995,64% off,Budget,4.2,340250,Only 1 left
Boat,Brown,Free Size,False,False,4,1299,8499,84% off,Budget,4.0,34022,Upto ₹300 Off on Exchange
Fire,Milange Grey,Free Size,True,True,4,1299,9999,87% off,Budget,4.1,335485,Upto ₹300 Off on Exchange
Goboult,Black,Free Size,True,True,4,2499,7999,68% off,Mid-Range,4.1,402661,Upto ₹300 Off on Exchange
Goboult,Rock Beige,Free Size,True,False,4,1699,5999,71% off,Budget,4.2,1063,Upto ₹300 Off on Exchange
Boat,Olive,Free Size,True,False,4,1199,6999,82% off,Budget,4.3,2343,Super Deals
Fire,Silver,Free Size,True,True,4,2199,21000,89% off,Mid-Range,4.2,49123,Upto ₹300 Off on Exchange
Noise,Statement Black,Regular,True,True,4,2499,7999,68% off,Mid-Range,4.2,12801,Super Deals
Fire,Ocean Drip Dark Grey Halo solid,Free Size,False,False,4,11999,19999,40% off,Luxury,3.9,3373,Bank Offer
Noise,Ivory,Free Size,False,False,4,999,2999,66% off,Budget,3.7,90,Super Deals
Boat,Active Black,Free Size,True,False,4,1499,8999,83% off,Budget,4.0,2658,Upto ₹300 Off on Exchange
Fire,Ice Grey,Free Size,True,False,4,1499,11999,87% off,Budget,4.0,191592,Upto ₹300 Off on Exchange
Boat,Steel Black,Free Size,True,True,4,3299,9499,65% off,Mid-Range,4.2,1237,Super Deals
Fastrack,Black,Free Size,True,True,4,2499,3999,37% off,Mid-Range,4.3,42223,Upto ₹300 Off on Exchange
Fire,Gold Steel,Free Size,False,False,4,1399,11999,88% off,Budget,4.0,86054,Upto ₹300 Off on Exchange
Noise,Aqua Blue,Regular,True,False,4,1099,5999,81% off,Budget,4.1,623295,Upto ₹300 Off on Exchange
Noise,Jet Black,Regular,True,False,5,2199,6999,68% off,Mid-Range,4.2,37558,Hot Deal
Fire,Grey,Free Size,True,False,5,1299,11999,89% off,Budget,4.0,86054,Upto ₹300 Off on Exchange
Noise,Rose Pink,Regular,True,False,5,1199,4999,76% off,Budget,4.2,192796,Upto ₹300 Off on Exchange
Fire,Grey,Free Size,True,False,5,1499,11999,87% off,Budget,4.0,191592,Upto ₹300 Off on Exchange
Fire,Cyan,Free Size,False,False,5,999,14999,93% off,Budget,4.1,482547,Super Deals
Noise,Space Blue,Regular,True,False,5,999,5999,83% off,Budget,4.1,623295,Bank Offer
Mobisingh,Mullti Color,Free Size,False,False,5,193,399,51% off,Budget,3.9,51,Bank Offer
Pebble,Jet Black,Free Size,False,False,5,2999,7999,62% off,Mid-Range,3.3,35,Super Deals
Fire,Silver,Free Size,True,False,5,2199,21000,89% off,Mid-Range,4.2,49123,Upto ₹300 Off on Exchange
Goboult,Rose Gold,Free Size,True,False,5,2499,7999,68% off,Mid-Range,4.4,147,Super Deals
Redmi,Gold Rush,Free Size,True,False,5,1999,3999,50% off,Budget,4.4,27077,Upto ₹300 Off on Exchange
Fastrack,Blue,Free Size,True,False,5,2299,7995,71% off,Mid-Range,4.3,136408,Upto ₹300 Off on Exchange
Goboult,Amber Blue,Free Size,False,False,5,1899,4999,62% off,Budget,4.1,20170,Upto ₹300 Off on Exchange
Noise,Grey,Regular,True,False,5,1199,4999,76% off,Budget,4.2,192796,Upto ₹300 Off on Exchange
Fastrack,Black,Free Size,True,False,5,1599,2995,46% off,Budget,4.3,3000,Upto ₹300 Off on Exchange
Boat,Steel Black,Free Size,True,False,5,2199,9499,76% off,Mid-Range,4.2,5486,Upto ₹300 Off on Exchange
Noise,Jet Black,Regular,True,False,5,1499,4999,70% off,Budget,4.2,192796,Upto ₹300 Off on Exchange
Noise,Black Link,Regular,True,False,5,1599,4999,68% off,Budget,4.2,35643,Upto ₹300 Off on Exchange
Samsung,Silver,Free Size,True,False,5,13999,50999,72% off,Luxury,4.4,484,Super Deals
Fire,Gold Black,Free Size,True,False,5,1099,9999,89% off,Budget,4.1,482547,Upto ₹300 Off on Exchange
Darkfit,Mullti Color,Free Size,True,False,5,438,1199,63% off,Budget,4.1,324,Bank Offer
Pebble,Obsidian Gold,Free Size,False,False,5,2999,7999,62% off,Mid-Range,3.3,35,Super Deals
Noise,Gold Wine,Regular,True,False,5,1499,4999,70% off,Budget,4.2,192796,Upto ₹300 Off on Exchange
Goboult,Green,Free Size,True,False,5,1899,7999,76% off,Budget,4.1,15349,Only 1 left
Fastrack,Blue,Free Size,True,False,5,1399,3995,64% off,Budget,4.2,340250,Super Deals
Fastrack,Blue,Free Size,True,False,5,1499,3995,62% off,Budget,4.3,77959,Upto ₹300 Off on Exchange
Goboult,Black,Free Size,True,False,5,1099,4499,75% off,Budget,4.1,119644,Upto ₹300 Off on Exchange
Noise,Black,Regular,True,False,5,999,6999,85% off,Budget,4.0,12701,Super Deals
Noise,Pink,Regular,True,False,5,999,6999,85% off,Budget,4.1,13498,Super Deals
Fire,Black S,Free Size,True,False,5,1999,21000,90% off,Budget,4.2,49123,Upto ₹300 Off on Exchange
Apple,Ink,Free Size,True,False,5,18999,20900,9% off,Luxury,4.6,2916,Upto ₹300 Off on Exchange
Boat,Rose Gold,Free Size,True,False,5,2799,8499,67% off,Mid-Range,4.2,982,Super Deals
Noise,Black,Regular,True,False,5,999,8999,88% off,Budget,4.2,4648,Bank Offer
Fire,Gold SS,Free Size,True,False,5,1399,11999,88% off,Budget,4.0,86054,Super Deals
Cheetah,"Black, Grey",Free Size,False,False,5,193,1389,86% off,Budget,3.8,4257,Only few left
Huawei,Blue,Free size,True,False,5,3599,6999,48% off,Mid-Range,4.4,114,Super Deals
Noise,Black,Regular,True,False,5,1199,4999,76% off,Budget,4.2,192796,Only few left
Goboult,Metal Black,Free Size,True,False,5,2999,8999,66% off,Mid-Range,4.3,1296,Upto ₹300 Off on Exchange
Noise,Teal Blue,Regular,True,False,5,1699,4999,66% off,Budget,4.2,2629,Super Deals
Boat,Steel Black,Free Size,True,False,5,2199,9499,76% off,Mid-Range,4.0,24512,Upto ₹300 Off on Exchange
Boat,Blue,Free Size,True,True,6,1099,6999,84% off,Budget,4.1,135086,Super Deals
Noise,Midnight Blue,Regular,True,True,6,999,5999,83% off,Budget,4.1,883543,Super Deals
Fire,Black Chain,Free Size,True,False,6,1399,11999,88% off,Budget,4.0,86145,Upto ₹300 Off on Exchange
Noise,Silver Link,Regular,True,False,6,2199,6999,68% off,Mid-Range,4.2,106419,Super Deals
Boat,Metallic Gold,Free Size,True,False,6,1999,8999,77% off,Budget,4.1,1340,Upto ₹300 Off on Exchange
Fastrack,Blue,Free Size,True,False,6,1499,3995,62% off,Budget,4.3,77959,Upto ₹300 Off on Exchange
Goboult,Coal Black,Free Size,False,True,6,1799,4999,64% off,Budget,4.1,20170,Upto ₹300 Off on Exchange
Goboult,Metal Black,Free Size,True,True,6,1199,8999,86% off,Budget,4.2,2335,Upto ₹300 Off on Exchange
Samsung,Silver,Free Size,True,False,6,13999,50999,72% off,Luxury,4.4,488,Super Deals
Goboult,Rose Gold,Free Size,True,False,6,2499,7999,68% off,Mid-Range,4.4,147,Super Deals
Goboult,Ash Black,Free Size,False,True,6,1599,9999,84% off,Budget,4.0,20427,Super Deals
Goboult,Black,Free Size,True,True,6,2499,7999,68% off,Mid-Range,4.1,402661,Upto ₹300 Off on Exchange
Fastrack,Blue,Free Size,True,False,6,1399,3995,64% off,Budget,4.2,340250,Super Deals
Redmi,Gold Rush,Free Size,True,False,6,1999,3999,50% off,Budget,4.4,27077,Upto ₹300 Off on Exchange
Cheetah,"Black, Grey",Free Size,False,False,6,193,1389,86% off,Budget,3.8,4257,Only few left
Huawei,Blue,Free size,True,False,6,3599,6999,48% off,Mid-Range,4.4,114,Super Deals
Fire,Charcoal Grey,Free Size,False,True,6,999,14999,93% off,Budget,4.1,482547,Super Deals
Boat,Bold Black,Free Size,True,True,6,1199,7990,84% off,Budget,4.1,424423,Upto ₹300 Off on Exchange
Boat,Active Black,Free Size,True,False,6,1499,5999,75% off,Budget,4.1,18702,Upto ₹300 Off on Exchange
Goboult,Blue,Free Size,True,False,6,2999,8999,66% off,Mid-Range,4.3,1296,Upto ₹300 Off on Exchange
Goboult,Jet Black,Free Size,True,True,6,1899,6999,72% off,Budget,4.2,50447,Upto ₹300 Off on Exchange
Gamesir,Black,Free Size,False,True,6,894,3999,77% off,Budget,3.7,718,Bank Offer
Fastrack,Green,Free Size,True,False,6,1499,3995,62% off,Budget,4.3,77959,Upto ₹300 Off on Exchange
Noise,Jet Black,Regular,True,False,6,2199,6999,68% off,Mid-Range,4.2,37558,Hot Deal
Goboult,Peach,Free Size,True,False,6,1099,7999,86% off,Budget,4.1,402661,Upto ₹300 Off on Exchange
Fire,Orange,Free Size,True,False,6,2499,18999,86% off,Mid-Range,4.1,3119,Upto ₹300 Off on Exchange
Fire,Black Dual,Free Size,False,True,6,1299,9999,87% off,Budget,4.1,335485,Super Deals
Goboult,Silver,Free Size,True,True,6,1299,4499,71% off,Budget,4.1,119644,Upto ₹300 Off on Exchange
Fire,Black,Free Size,True,False,6,1999,18999,89% off,Budget,4.1,24867,Upto ₹300 Off on Exchange
Noise,Forest Green,Regular,True,False,6,1699,4999,66% off,Budget,4.2,2629,Super Deals
Goboult,Silver,Free Size,True,True,6,1799,6999,74% off,Budget,4.0,5251,Upto ₹300 Off on Exchange
Punnkfunnk,Black,Regular Size,False,True,6,834,2999,72% off,Budget,3.7,1102,Bank Offer
Fastrack,Grey,Free Size,True,False,6,2499,4499,44% off,Mid-Range,4.3,42223,Upto ₹300 Off on Exchange
Redmi,Active Midnight Black,Free Size,True,False,6,2699,4999,46% off,Mid-Range,4.2,1886,Upto ₹300 Off on Exchange
Noise,Black,Regular,True,False,6,2199,7999,72% off,Mid-Range,4.2,37558,Upto ₹300 Off on Exchange
Fastrack,Blue,Free Size,True,False,6,1399,3995,64% off,Budget,4.2,340250,Only 2 left
Goboult,Green,Free Size,True,True,6,1099,7999,86% off,Budget,4.1,402661,Upto ₹300 Off on Exchange
Fire,Milange Grey,Free Size,True,True,6,1299,9999,87% off,Budget,4.1,335485,Upto ₹300 Off on Exchange
Darkfit,Mullti Color,Free Size,True,False,6,438,1199,63% off,Budget,4.1,324,Bank Offer
Huawei,Purple,Free size,True,False,6,3599,6999,48% off,Mid-Range,4.4,114,Super Deals
Boat,Blue,Free Size,True,True,7,1099,6999,84% off,Budget,4.1,135086,Super Deals
Goboult,Coal Black,Free Size,False,True,7,1799,4999,64% off,Budget,4.1,20170,Upto ₹300 Off on Exchange
Fire,Cinnamon Slate,Free Size,True,False,7,1299,7999,83% off,Budget,4.1,482547,Upto ₹300 Off on Exchange
Amazfit,Blue Black,Free Size,True,False,7,7999,14999,46% off,Premium,4.7,40,Super Deals
Boat,Active Black,One Size,False,False,7,1199,8999,86% off,Budget,4.0,26809,Super Deals
Goboult,Sandstone,Free Size,True,False,7,1499,6999,78% off,Budget,4.1,1439,Upto ₹300 Off on Exchange
Noise,Midnight Blue,Regular,True,True,7,999,5999,83% off,Budget,4.1,883543,Super Deals
Goboult,Metal Black,Free Size,True,True,7,1199,8999,86% off,Budget,4.2,2335,Upto ₹300 Off on Exchange
Fire,Grey S,Free Size,True,False,7,1999,21000,90% off,Budget,4.2,49123,Upto ₹300 Off on Exchange
Gamesir,Silver Metal,Free Size,False,False,7,844,3999,78% off,Budget,3.6,1791,Bank Offer
Goboult,Ash Black,Free Size,False,True,7,1599,9999,84% off,Budget,4.0,20427,Super Deals
Goboult,Black,Free Size,True,True,7,2499,7999,68% off,Mid-Range,4.1,402661,Upto ₹300 Off on Exchange
Apple,Ink,Free Size,True,False,7,33999,46900,27% off,Luxury,4.7,5243,Upto ₹300 Off on Exchange
Pebble,Blue,Free Size,False,False,7,1699,6499,73% off,Budget,4.0,4044,Upto ₹300 Off on Exchange
Goboult,Silver,Free Size,True,False,7,1299,4499,71% off,Budget,4.1,119644,Upto ₹300 Off on Exchange
Goboult,Titanium,Free Size,True,False,7,2999,8999,66% off,Mid-Range,4.3,1296,Upto ₹300 Off on Exchange
Fire,Charcoal Grey,Free Size,False,True,7,999,14999,93% off,Budget,4.1,482547,Super Deals
Boat,Bold Black,Free Size,True,True,7,1199,7990,84% off,Budget,4.1,424423,Upto ₹300 Off on Exchange
Sk,Mullti Color,Free Size,True,False,7,249,3999,93% off,Budget,4.0,1588,Bank Offer
Huawei,Black,Free size,True,False,7,3599,6999,48% off,Mid-Range,4.4,114,Super Deals
Goboult,Jet Black,Free Size,True,True,7,1899,6999,72% off,Budget,4.2,50447,Upto ₹300 Off on Exchange
Gamesir,Black,Free Size,False,True,7,894,3999,77% off,Budget,3.7,718,Bank Offer
Fire,Silver Millanese,Free Size,True,False,7,1599,14999,89% off,Budget,4.0,191725,Upto ₹300 Off on Exchange
Fire,Deep Blue,L,True,False,7,1299,9999,87% off,Budget,4.1,335485,Upto ₹300 Off on Exchange
Fire,Champagne,Free Size,True,False,7,1999,18999,89% off,Budget,4.1,24867,Upto ₹300 Off on Exchange
Boat,Rose Gold,Free Size,False,False,7,1599,9999,84% off,Budget,4.1,2671,Super Deals
Goboult,Silver,Free Size,True,True,7,1799,6999,74% off,Budget,4.0,5251,Upto ₹300 Off on Exchange
Goboult,Green,Free Size,True,True,7,1099,7999,86% off,Budget,4.1,402661,Upto ₹300 Off on Exchange
Fire,Black Dual,Free Size,False,False,7,1299,9999,87% off,Budget,4.1,335485,Super Deals
Fire,Brown,Free Size,True,False,7,2099,21000,90% off,Mid-Range,4.2,49123,Upto ₹300 Off on Exchange
Fire,Milange Grey,Free Size,True,True,7,1299,9999,87% off,Budget,4.1,335485,Upto ₹300 Off on Exchange
Punnkfunnk,Black,Regular Size,False,True,7,834,2999,72% off,Budget,3.7,1102,Bank Offer
Goboult,Blue,Free Size,True,False,7,1099,7999,86% off,Budget,4.1,402661,Upto ₹300 Off on Exchange
Boat,Pink,Free Size,True,False,7,1199,6999,82% off,Budget,4.3,2382,Super Deals
Fire,Rainbow SS,Free Size,True,False,7,1399,9999,86% off,Budget,4.0,86145,Super Deals
Fire,Dark Blue,Free Size,False,False,7,1399,14999,90% off,Budget,4.1,482547,Upto ₹300 Off on Exchange
Goboult,Silver,Free Size,True,True,7,1899,6999,72% off,Budget,4.2,50447,Upto ₹300 Off on Exchange
Gamesir,Pink,Free Size,True,True,7,695,1999,65% off,Budget,3.7,218,Bank Offer
Fastrack,Green,Free Size,True,False,7,1599,5995,73% off,Budget,4.3,32551,Upto ₹300 Off on Exchange
Fire,Blue,Free Size,True,False,7,1299,7999,83% off,Budget,4.1,482547,Upto ₹300 Off on Exchange
Boat,Blue,Free Size,True,True,8,1099,6999,84% off,Budget,4.1,135086,Super Deals
Noise,Midnight Blue,Regular,True,True,8,999,5999,83% off,Budget,4.1,883543,Super Deals
Cellecor,Blue,Free Size,True,False,8,899,3999,77% off,Budget,4.2,10669,Bank Offer
Fastrack,Beige,Free Size,True,False,8,2499,5995,58% off,Mid-Range,4.3,42223,Upto ₹300 Off on Exchange
Fastrack,Black,Free Size,True,False,8,4499,9995,54% off,Mid-Range,4.3,456,Upto ₹300 Off on Exchange
Noise,Gold Link,Regular,True,False,8,2499,6999,64% off,Mid-Range,4.2,106419,Upto ₹300 Off on Exchange
Goboult,Coal Black,Free Size,False,True,8,1799,4999,64% off,Budget,4.1,20170,Upto ₹300 Off on Exchange
Goboult,Metal Black,Free Size,True,True,8,1199,8999,86% off,Budget,4.2,2335,Upto ₹300 Off on Exchange
Gamesir,Black-1,Free Size,False,False,8,875,3999,78% off,Budget,3.6,794,Bank Offer
Boat,Mint Green,Free Size,True,False,8,1099,7499,85% off,Budget,4.1,424423,Super Deals
Goboult,Ash Black,Free Size,False,True,8,1599,9999,84% off,Budget,4.0,20427,Super Deals
Goboult,Black,Free Size,True,True,8,2499,7999,68% off,Mid-Range,4.1,402661,Upto ₹300 Off on Exchange
Samsung,Cream,Small,True,False,8,29999,36999,18% off,Luxury,4.5,8379,Upto ₹300 Off on Exchange
Fire,Gold SS,Free Size,True,False,8,1399,11999,88% off,Budget,4.0,86145,Super Deals
Realme,Titanium Silver,One Size,True,False,8,3999,7999,50% off,Mid-Range,4.4,621,Upto ₹300 Off on Exchange
Cmf,Blue,Free Size,True,False,8,5499,5999,8% off,Premium,4.4,25732,Upto ₹300 Off on Exchange
Fire,Charcoal Grey,Free Size,False,True,8,999,14999,93% off,Budget,4.1,482547,Super Deals
Boat,Bold Black,Free Size,True,True,8,1199,7990,84% off,Budget,4.1,424423,Upto ₹300 Off on Exchange
Cmf,Ash Grey,Free Size,True,False,8,4999,5499,9% off,Mid-Range,4.4,25732,Upto ₹300 Off on Exchange
Apple,Ink,Free Size,True,False,8,22999,29900,23% off,Luxury,4.1,402661,Upto ₹300 Off on Exchange
Goboult,Jet Black,Free Size,True,True,8,1899,6999,72% off,Budget,4.2,50447,Upto ₹300 Off on Exchange
Gamesir,Black,Free Size,False,True,8,894,3999,77% off,Budget,3.7,718,Bank Offer
Unqmobi,Mullti Color,Free Size,True,False,8,263,4295,93% off,Budget,4.1,3270,Bank Offer
Earbuds,Pack of 2,Free Size,False,False,8,160,1299,87% off,Budget,3.6,21,Bank Offer
Samsung,Pink,Free Size,True,False,8,3499,9999,65% off,Mid-Range,4.4,23221,Upto ₹300 Off on Exchange
Noise,Grey,Regular,True,False,8,1199,8999,86% off,Budget,4.2,4652,Upto ₹300 Off on Exchange
Fire,Black Dual,Free Size,False,True,8,1299,9999,87% off,Budget,4.1,335485,Super Deals
Goboult,Silver,Free Size,True,True,8,1299,4499,71% off,Budget,4.1,119644,Upto ₹300 Off on Exchange
Goboult,Snow Leather,Free Size,False,False,8,1099,8499,87% off,Budget,4.1,402661,Upto ₹300 Off on Exchange
Fire,Gunmetal Grey,Free Size,True,False,8,1399,11999,88% off,Budget,4.0,86145,Super Deals
Goboult,Silver,Free Size,True,True,8,1799,6999,74% off,Budget,4.0,5251,Upto ₹300 Off on Exchange
Goboult,Green,Free Size,True,True,8,1099,7999,86% off,Budget,4.1,402661,Upto ₹300 Off on Exchange
Fire,Green,Free Size,True,False,8,1399,14999,90% off,Budget,4.1,482547,Upto ₹300 Off on Exchange
Fire,Silver SS,Free Size,True,False,8,1399,11999,88% off,Budget,4.0,86145,Super Deals
Zdea,Black,For all,False,False,8,638,1599,60% off,Budget,4.1,402661,Bank Offer
Neeraj,Orange,Free Size,False,False,8,668,1499,55% off,Budget,4.1,402661,Bank Offer
Fire,Milange Grey,Free Size,True,True,8,1299,9999,87% off,Budget,4.1,335485,Upto ₹300 Off on Exchange
Punnkfunnk,Black,Regular Size,False,True,8,834,2999,72% off,Budget,3.7,1102,Bank Offer
Melbon,Pink,Free Size,False,False,8,686,2999,77% off,Budget,3.0,86,Bank Offer
Viksenterprise,ORANGE,FREE,False,False,8,959,1499,36% off,Budget,4.1,402661,Bank Offer
Goboult,Black,Free Size,True,True,9,2499,7999,68% off,Mid-Range,4.1,402661,Upto ₹300 Off on Exchange
Goboult,Green,Free Size,True,True,9,1099,7999,86% off,Budget,4.1,402661,Upto ₹300 Off on Exchange
Timex,Black,Regular,False,False,9,4995,6999,84% off,Mid-Range,3.0,74,Bank Offer
Cellecor,Silver Grey,Free Size,True,False,9,1199,4499,73% off,Budget,4.2,1809,Upto ₹300 Off on Exchange
Iconnect,Blue,Free Size,False,False,9,4495,6999,84% off,Mid-Range,3.9,1402,Upto ₹300 Off on Exchange
Gamesir,Pink,Free Size,False,False,9,707,1999,64% off,Budget,3.5,1726,Bank Offer
Goboult,Ash Black,Free Size,False,True,9,1599,9999,84% off,Budget,4.0,20427,Super Deals
Goboult,Metal Black,Free Size,True,True,9,1199,8999,86% off,Budget,4.2,2335,Upto ₹300 Off on Exchange
Fuk,Black,Free Size,False,False,9,2307,4999,53% off,Mid-Range,4.1,402661,Bank Offer
Syara,Black,Free,False,False,9,1299,6999,84% off,Budget,4.1,402661,Upto ₹300 Off on Exchange
Goboult,Silver,Free Size,True,True,9,1799,6999,74% off,Budget,4.0,5251,Upto ₹300 Off on Exchange
Goboult,Jet Black,Free Size,True,True,9,1799,6999,74% off,Budget,4.0,5251,Upto ₹300 Off on Exchange
Gamesir,Silver Metal,Free Size,False,False,9,974,2999,67% off,Budget,3.8,906,Bank Offer
Melbon,Blue,Free Size,False,False,9,888,4999,82% off,Budget,3.7,177,Bank Offer
Onikuma,BLACK,FREESIZE,False,False,9,632,1999,68% off,Budget,4.1,402661,Bank Offer
Roods,Black,Free Size,False,False,9,470,1399,66% off,Budget,4.1,402661,Bank Offer
Goboult,Jet Black,Free Size,True,True,9,1899,6999,72% off,Budget,4.2,50447,Upto ₹300 Off on Exchange
Goboult,Charcoal Black,Free Size,True,True,9,2799,7499,62% off,Mid-Range,4.2,50447,Upto ₹300 Off on Exchange
Melbon,Pink,Free Size,False,False,9,686,2999,77% off,Budget,3.4,27,Bank Offer
Ephemeral,orange,Free,False,False,9,672,1999,66% off,Budget,4.1,402661,Bank Offer
Goboult,Snow Leather,Free Size,False,True,9,1099,8499,87% off,Budget,4.1,402661,Upto ₹300 Off on Exchange
Goboult,Silver,Free Size,True,True,9,1899,6999,72% off,Budget,4.2,50447,Upto ₹300 Off on Exchange
Melbon,Orange,Free Size,False,False,9,693,1999,65% off,Budget,3.8,88,Bank Offer
Gamesir,Pink,Free Size,False,False,9,686,1999,65% off,Budget,3.2,62,Bank Offer
Melbon,M Black,M,False,False,9,1244,4999,75% off,Budget,3.5,69,Bank Offer
Melbon,M Silver,M,False,False,9,1299,6999,84% off,Budget,2.3,4,Upto ₹300 Off on Exchange
Goboult,Silver,Free Size,True,True,9,1299,4499,71% off,Budget,4.1,119644,Upto ₹300 Off on Exchange
Boat,Active Black,Free Size,True,True,9,1099,6999,84% off,Budget,4.1,134922,Super Deals
Gamesir,Blue,Free size,False,False,9,1392,2999,53% off,Budget,3.8,173,Bank Offer
Implexmart,ORANGE,Free Size,False,False,9,857,2000,57% off,Budget,4.1,402661,Bank Offer
Boat,Metal Grey,Free Size,True,True,9,1249,7499,83% off,Budget,4.1,134922,Super Deals
Boat,Blue,Free Size,True,True,9,1099,6999,84% off,Budget,4.1,134922,Super Deals
Melbon,Metal Silver,Free Size,False,False,9,978,2999,67% off,Budget,3.5,37,Bank Offer
Melbon,Pink,Free Size,False,False,9,707,1999,64% off,Budget,3.5,102,Bank Offer
Melbon,Black Dial &,Regular,False,False,9,969,2999,67% off,Budget,3.4,82,Bank Offer
Boat,Green,Free Size,True,True,9,1399,6999,80% off,Budget,4.1,134922,Upto ₹300 Off on Exchange
Boat,Cherry Blossom,Free Size,True,True,9,1099,6999,84% off,Budget,4.1,134922,Super Deals
Melbon,Black,Free Size,False,False,9,878,2999,70% off,Budget,3.7,82,Bank Offer
Roods,Black,Free Size,False,False,9,473,1399,66% off,Budget,3.8,14,Bank Offer
Onikuma,BLACK,FREESIZE,False,False,10,632,1999,68% off,Budget,4.1,402661,Bank Offer
Melbon,Pink,Free Size,False,False,10,686,2999,77% off,Budget,3.2,141,Bank Offer
Melbon,Rosegold,Free Size,False,False,10,1299,6999,84% off,Budget,3.7,11,Upto ₹300 Off on Exchange
Clairbell,Black,Free,False,False,10,1299,6999,84% off,Budget,4.1,402661,Upto ₹300 Off on Exchange
Gamesir,Orange,Free Size,False,False,10,686,1999,65% off,Budget,3.0,6,Bank Offer
Seraphic,Black,Free Size,False,False,10,688,2999,77% off,Budget,2.3,3,Bank Offer
Implexmart,BLACK,Free Size,False,False,10,857,2000,57% off,Budget,4.1,402661,Bank Offer
Onikuma,BLACK,FREESIZE,False,False,10,680,1999,65% off,Budget,4.1,402661,Bank Offer
Melbon,Black Metal,Free Size,False,False,10,945,3999,76% off,Budget,3.7,365,Bank Offer
Melbon,Multicolor 1,Regular Size,False,False,10,1236,3999,69% off,Budget,4.3,12,Bank Offer
Melbon,Black-X,Free size,False,False,10,777,2999,74% off,Budget,3.1,9,Bank Offer
Gamesir,Black-1,Free Size,True,False,10,787,2999,73% off,Budget,3.5,8,Bank Offer
Gamesir,Pink,Free Size,True,False,10,724,1999,63% off,Budget,3.4,16,Bank Offer
Gamesir,Pink,Free Size,False,False,10,686,2999,77% off,Budget,3.5,1726,Bank Offer
Melbon,M Grey,M,False,False,10,1236,4999,75% off,Budget,3.5,69,Bank Offer
Gamesir,Metallic Black,Free Size,False,False,10,693,2999,76% off,Budget,3.5,22,Bank Offer
Melbon,PinkX,Free size,False,False,10,757,2999,74% off,Budget,3.9,29,Bank Offer
Beatxp,Electric Black,Free Size,False,False,10,3999,11999,66% off,Mid-Range,4.1,3954,Bank Offer
Warsi,Pack of 1,Free Size,False,False,10,153,499,69% off,Budget,2.9,15,Bank Offer
Gamesir,Grey,Free size,False,False,10,1416,2999,52% off,Budget,3.8,173,Bank Offer
Melbon,Multicolor,Regular Size,False,False,10,1248,5999,79% off,Budget,3.5,103,Bank Offer
Iconnect,Beige,Free Size,False,False,10,4495,6999,84% off,Mid-Range,3.9,1402,Upto ₹300 Off on Exchange
Onikuma,BLACK,FREESIZE,False,False,10,621,1999,68% off,Budget,4.1,402661,Bank Offer
Mayank,Black,Free Size,False,False,10,480,1699,71% off,Budget,4.1,402661,Bank Offer
Gamesir,Pink,Free Size,True,False,10,693,1999,65% off,Budget,3.3,161,Bank Offer
Gamesir,PinkY,Free size,False,False,10,736,2999,75% off,Budget,3.7,105,Bank Offer
Gamesir,Orange,Free Size,False,False,10,693,2999,76% off,Budget,3.5,200,Bank Offer
Punnkfunnk,Black,Free Size,False,False,10,715,2999,76% off,Budget,3.6,76,Bank Offer
Gamesir,Black-,Free Size,False,False,10,867,3999,78% off,Budget,3.7,3280,Bank Offer
Gamesir,Pink,Free Size,False,False,10,715,1999,64% off,Budget,3.5,1726,Bank Offer
Mobilelink,Black,Free Size,False,False,10,1275,2999,57% off,Budget,2.9,20,Bank Offer
Gamesir,Pink,Free Size,True,False,10,686,2999,77% off,Budget,3.7,134,Bank Offer
Gamesir,Pink,Free Size,False,False,10,693,1999,65% off,Budget,3.3,2905,Bank Offer
Sekyo,Black,Free Size,False,False,10,6149,8999,31% off,Premium,4.1,402661,Bank Offer
Melbon,Metal Black,Free Size,False,False,10,969,2999,67% off,Budget,3.5,37,Bank Offer
Sehub,Orange,Free Size,True,False,10,830,1999,58% off,Budget,4.1,402661,Bank Offer
Beatxp,Electric Black,Free Size,False,False,10,3141,8999,65% off,Mid-Range,4.1,11142,Upto ₹300 Off on Exchange
Gamesir,Black,Free Size,False,False,10,693,1999,65% off,Budget,3.6,2983,Bank Offer
Rkls,Black,Free Size,True,False,10,457,1499,69% off,Budget,4.1,402661,Bank Offer
Boat,Blue,Free Size,True,True,11,1099,6999,84% off,Budget,4.1,134922,Super Deals
Noise,Midnight Blue,Regular,True,True,11,999,5999,83% off,Budget,4.1,883543,Super Deals
Iconnect,Gunmetal-Blue,Free Size,False,False,11,4995,6999,84% off,Mid-Range,3.9,104,Upto ₹300 Off on Exchange
Gamesir,Pink,Free Size,False,False,11,686,2999,77% off,Budget,3.5,1726,Bank Offer
Cellecor,Black,Free Size,False,False,11,1199,8999,86% off,Budget,4.0,1324,Super Deals
Melbon,Metal Silver,Free Size,False,False,11,878,2999,70% off,Budget,3.8,54,Bank Offer
Goboult,Metal Black,Free Size,True,True,11,1199,8999,86% off,Budget,4.2,2335,Upto ₹300 Off on Exchange
Goboult,Ash Black,Free Size,False,True,11,1599,9999,84% off,Budget,4.0,20427,Super Deals
Implexmart,ORANGE,Free Size,False,False,11,857,2000,57% off,Budget,4.1,402661,Bank Offer
Melbon,Metal Black,Free Size,False,False,11,969,2999,67% off,Budget,3.5,37,Bank Offer
Goboult,Black,Free Size,True,True,11,2499,7999,68% off,Mid-Range,4.1,402661,Upto ₹300 Off on Exchange
Fire,Charcoal Grey,Free Size,False,True,11,999,14999,93% off,Budget,4.1,482547,Super Deals
Gamesir,Black,Free Size,False,False,11,1299,6999,84% off,Budget,2.8,6,Upto ₹300 Off on Exchange
Mayank,Black,Free Size,False,False,11,470,1699,72% off,Budget,4.1,402661,Bank Offer
Onikuma,BLACK,FREESIZE,False,False,11,621,1999,68% off,Budget,4.1,402661,Bank Offer
Onikuma,BLACK,FREESIZE,False,False,11,738,1999,63% off,Budget,4.1,402661,Bank Offer
Boat,Bold Black,Free Size,True,True,11,1199,7990,84% off,Budget,4.1,424423,Upto ₹300 Off on Exchange
Goboult,Jet Black,Free Size,True,True,11,1899,6999,72% off,Budget,4.2,50447,Upto ₹300 Off on Exchange
Melbon,Grey,Regular,False,False,11,686,1999,65% off,Budget,3.2,36,Bank Offer
Gamesir,Black,Free Size,False,True,11,894,3999,77% off,Budget,3.7,718,Bank Offer
Fire,Black Dual,Free Size,False,True,11,1299,9999,87% off,Budget,4.1,335485,Super Deals
Onikuma,BLACK,FREESIZE,False,False,11,632,1999,68% off,Budget,4.1,402661,Bank Offer
Techelectro,BLACK,Free Size,False,False,11,469,1499,68% off,Budget,4.1,402661,Bank Offer
Gamesir,Orange,Free Size,False,False,11,686,1999,65% off,Budget,3.7,10957,Bank Offer
Hum,Pack of 1,Free Size,False,False,11,170,999,82% off,Budget,4.1,402661,Bank Offer
Goboult,Silver,Free Size,True,True,11,1299,4499,71% off,Budget,4.1,119644,Upto ₹300 Off on Exchange
Goboult,Silver,Free Size,True,True,11,1799,6999,74% off,Budget,4.0,5251,Upto ₹300 Off on Exchange
Yash,Black,Free Size,True,False,11,497,2199,77% off,Budget,4.1,402661,Bank Offer
Tombik,Pack of 1,Free Size,False,False,11,111,229,51% off,Budget,4.1,402661,Bank Offer
Goboult,Green,Free Size,True,True,11,1099,7999,86% off,Budget,4.1,402661,Upto ₹300 Off on Exchange
Fire,Milange Grey,Free Size,True,True,11,1299,9999,87% off,Budget,4.1,335485,Upto ₹300 Off on Exchange
Gamesir,Orange,Free Size,False,False,11,686,1999,65% off,Budget,3.5,200,Bank Offer
Melbon,Grey,Free Size,True,False,11,878,2999,70% off,Budget,3.7,201,Bank Offer
Fastrack,Black,Free Size,True,False,11,2159,3499,38% off,Mid-Range,4.4,33,Bank Offer
Timex,Black,Free Size,True,False,11,9995,6999,84% off,Premium,2.4,12,Upto ₹300 Off on Exchange
Punnkfunnk,Black,Regular Size,False,True,11,834,2999,72% off,Budget,3.7,1085,Bank Offer
Gamesir,Pink,Free Size,True,True,11,695,1999,65% off,Budget,3.7,218,Bank Offer
Conekt,Silver,Free Size,False,False,11,3499,6999,50% off,Mid-Range,3.9,866,Upto ₹300 Off on Exchange
Gamesir,Black-1,Free Size,False,False,11,875,3999,78% off,Budget,3.6,794,Bank Offer
Boat,Blue,Free Size,True,True,12,1099,6999,84% off,Budget,4.1,135086,Super Deals
Goboult,Coal Black,Free Size,False,True,12,1799,4999,64% off,Budget,4.1,20170,Upto ₹300 Off on Exchange
Iconnect,Beige,Free Size,False,False,12,4495,6999,84% off,Mid-Range,3.9,1402,Upto ₹300 Off on Exchange
Ambrane,Grey,Regular,False,False,12,1799,6499,72% off,Budget,4.1,7868,Bank Offer
Goqii,Black,Regular,False,False,12,1880,6499,71% off,Budget,3.9,1376,Bank Offer
Gamesir,Pink,Free Size,True,False,12,693,1999,65% off,Budget,3.3,161,Bank Offer
Noise,Midnight Blue,Regular,True,True,12,999,5999,83% off,Budget,4.1,883543,Super Deals
Goboult,Metal Black,Free Size,True,True,12,1199,8999,86% off,Budget,4.2,2335,Upto ₹300 Off on Exchange
Yash,Orange,Free Size,False,False,12,453,1499,69% off,Budget,3.3,139,Bank Offer
Gamesir,Pink,Free Size,False,False,12,715,1999,64% off,Budget,3.5,1726,Bank Offer
Goboult,Black,Free Size,True,True,12,2499,7999,68% off,Mid-Range,4.1,402661,Upto ₹300 Off on Exchange
Goboult,Ash Black,Free Size,False,True,12,1599,9999,84% off,Budget,4.0,20427,Super Deals
Smart,Orange,Free,False,False,12,1645,14999,89% off,Budget,3.6,17,Super Deals
Melbon,Metal Silver,Free Size,False,False,12,878,2999,70% off,Budget,3.8,54,Bank Offer
Seraphic,Black,Free Size,False,False,12,869,2999,71% off,Budget,4.1,402661,Bank Offer
Onikuma,BLACK,FREESIZE,False,False,12,483,1999,75% off,Budget,4.1,402661,Bank Offer
Boat,Bold Black,Free Size,True,True,12,1199,7990,84% off,Budget,4.1,424423,Upto ₹300 Off on Exchange
Fire,Charcoal Grey,Free Size,False,True,12,999,14999,93% off,Budget,4.1,482547,Super Deals
Melbon,Multicolor,Regular Size,False,False,12,1236,7999,84% off,Budget,3.5,103,Bank Offer
Melbon,Rosegold,Free Size,False,False,12,1299,6999,84% off,Budget,3.7,11,Upto ₹300 Off on Exchange
Goboult,Jet Black,Free Size,True,True,12,1899,6999,72% off,Budget,4.2,50447,Upto ₹300 Off on Exchange
Gamesir,Black,Free Size,False,True,12,894,3999,77% off,Budget,3.7,718,Bank Offer
Melbon,Maroon,Free Size,False,False,12,878,4999,82% off,Budget,3.7,177,Bank Offer
Gamesir,Black-,Free Size,False,False,12,867,3999,78% off,Budget,3.7,3280,Bank Offer
Melbon,Metal Black,Free Size,False,False,12,1201,2999,59% off,Budget,3.5,37,Bank Offer
Ambrane,Black,Regular,False,False,12,3799,6999,84% off,Mid-Range,4.2,8295,Bank Offer
Fire,Black Dual,Free Size,False,True,12,1299,9999,87% off,Budget,4.1,335485,Super Deals
Goboult,Silver,Free Size,True,True,12,1299,4499,71% off,Budget,4.1,119644,Upto ₹300 Off on Exchange
Fuk,Black,Free Size,False,False,12,3777,8999,58% off,Mid-Range,4.1,402661,Bank Offer
Melbon,Multicolor,Free Size,False,False,12,998,2999,66% off,Budget,4.1,402661,Bank Offer
Goboult,Silver,Free Size,True,True,12,1799,6999,74% off,Budget,4.0,5251,Upto ₹300 Off on Exchange
Punnkfunnk,Black,Regular Size,False,True,12,834,2999,72% off,Budget,3.7,1102,Bank Offer
Melbon,Grey,Free Size,False,False,12,1261,3999,68% off,Budget,4.1,402661,Bank Offer
Risen,Orange,Free size,False,False,12,920,1999,53% off,Budget,4.0,4,Bank Offer
Melbon,Orange,Free Size,False,False,12,693,1999,65% off,Budget,3.5,4,Bank Offer
Melbon,PinkX,Free size,False,False,12,734,2999,75% off,Budget,3.9,29,Bank Offer
Goboult,Green,Free Size,True,True,12,1099,7999,86% off,Budget,4.1,402661,Upto ₹300 Off on Exchange
Fire,Milange Grey,Free Size,True,True,12,1299,9999,87% off,Budget,4.1,335485,Upto ₹300 Off on Exchange
Gamesir,Pink,Free Size,False,False,12,686,2999,77% off,Budget,3.5,1726,Bank Offer
Melbon,Maroon,Free Size,False,False,12,1261,3999,68% off,Budget,4.1,402661,Bank Offer
Boat,Blue,Free Size,True,True,13,1099,6999,84% off,Budget,4.1,135086,Super Deals
Goboult,Coal Black,Free Size,False,True,13,1799,4999,64% off,Budget,4.1,20170,Upto ₹300 Off on Exchange
Melbon,Orange,Regular,False,False,13,904,2999,69% off,Budget,3.8,50,Bank Offer
Twixxle,Black,Free,False,False,13,591,2199,73% off,Budget,3.6,30,Bank Offer
Melbon,Gold,Large,False,False,13,924,4999,81% off,Budget,3.8,145,Bank Offer
Onikuma,Orange,FREESIZE,True,False,13,699,1999,65% off,Budget,4.1,402661,Bank Offer
Noise,Midnight Blue,Regular,True,True,13,999,5999,83% off,Budget,4.1,883543,Super Deals
Goboult,Metal Black,Free Size,True,True,13,1199,8999,86% off,Budget,4.2,2335,Upto ₹300 Off on Exchange
Melbon,Pink,Free Size,False,False,13,686,1999,65% off,Budget,3.5,6532,Bank Offer
Risen,Orange,Free size,False,False,13,920,1999,53% off,Budget,4.1,402661,Bank Offer
Goboult,Ash Black,Free Size,False,True,13,1599,9999,84% off,Budget,4.0,20427,Super Deals
Goboult,Black,Free Size,True,True,13,2499,7999,68% off,Mid-Range,4.1,402661,Upto ₹300 Off on Exchange
Onikuma,BLACK,FREESIZE,False,False,13,480,1999,75% off,Budget,4.1,402661,Bank Offer
Melbon,"Black, Grey",Free Size,False,False,13,809,2999,73% off,Budget,3.3,43,Bank Offer
Taxter,ORANGE,FREE SIZE,False,False,13,664,4999,86% off,Budget,1.0,3,Bank Offer
Gamesir,Pink,Free Size,False,False,13,820,2999,72% off,Budget,3.4,74,Bank Offer
Fire,Charcoal Grey,Free Size,False,True,13,999,14999,93% off,Budget,4.1,482547,Super Deals
Boat,Bold Black,Free Size,True,True,13,1199,7990,84% off,Budget,4.1,424423,Upto ₹300 Off on Exchange
Onikuma,Black,FREE SIZE,False,False,13,664,4999,86% off,Budget,4.1,402661,Bank Offer
Melbon,Orange,Free Size,False,False,13,693,1999,65% off,Budget,3.6,517,Bank Offer
Goboult,Jet Black,Free Size,True,True,13,1899,6999,72% off,Budget,4.2,50447,Upto ₹300 Off on Exchange
Gamesir,Black,Free Size,False,True,13,894,3999,77% off,Budget,3.7,718,Bank Offer
Onikuma,Orange,Free,True,False,13,605,1499,59% off,Budget,4.1,402661,Bank Offer
Melbon,Pink,Free Size,False,False,13,888,4999,82% off,Budget,3.7,82,Bank Offer
Onikuma,ORANGE,FREESIZE,False,False,13,498,1999,75% off,Budget,4.1,402661,Bank Offer
Melbon,Multicolor,Free Size,False,False,13,1693,4999,66% off,Budget,4.1,402661,Bank Offer
Fire,Black Dual,Free Size,False,True,13,1299,9999,87% off,Budget,4.1,335485,Super Deals
Goboult,Silver,Free Size,True,True,13,1299,4499,71% off,Budget,4.1,119644,Upto ₹300 Off on Exchange
Melbon,Multicolor,Free Size,False,False,13,998,2999,66% off,Budget,3.0,5,Bank Offer
Risen,Orange,Free size,False,False,13,920,1999,53% off,Budget,4.0,4,Bank Offer
Goboult,Silver,Free Size,True,True,13,1799,6999,74% off,Budget,4.0,5251,Upto ₹300 Off on Exchange
Goboult,Green,Free Size,True,True,13,1099,7999,86% off,Budget,4.1,402661,Upto ₹300 Off on Exchange
Gamesir,Multi color,Free Size,False,False,13,1248,2999,58% off,Budget,4.1,402661,Bank Offer
Yaaristyle,ORANGER,FREE,False,False,13,799,1999,60% off,Budget,4.1,402661,Bank Offer
Melbon,Black,Free Size,False,False,13,867,2999,71% off,Budget,4.1,402661,Bank Offer
Fire,Milange Grey,Free Size,True,True,13,1299,9999,87% off,Budget,4.1,335485,Upto ₹300 Off on Exchange
Punnkfunnk,Black,Regular Size,False,True,13,834,2999,72% off,Budget,3.7,1102,Bank Offer
Sehub,orange,M,False,False,13,830,1999,58% off,Budget,4.1,402661,Bank Offer
Melbon,Multi color,Free Size,True,False,13,1228,3999,69% off,Budget,3.8,63,Bank Offer
Boat,Blue,Free Size,True,True,14,1099,6999,84% off,Budget,4.1,135086,Super Deals
Noise,Midnight Blue,Regular,True,True,14,999,5999,83% off,Budget,4.1,883543,Super Deals
Yaaristyle,Pink,Free Size,False,False,14,1000,1499,33% off,Budget,4.1,402661,Bank Offer
Deepak,ORANGE,Free Size,False,False,14,759,2999,74% off,Budget,4.1,402661,Bank Offer
Risen,Orange,Free size,False,False,14,959,1999,52% off,Budget,3.7,6,Bank Offer
Upakrt,Black,Regular,False,False,14,949,4999,81% off,Budget,4.1,402661,Bank Offer
Goboult,Coal Black,Free Size,False,True,14,1799,4999,64% off,Budget,4.1,20170,Upto ₹300 Off on Exchange
Goboult,Metal Black,Free Size,True,True,14,1199,8999,86% off,Budget,4.2,2335,Upto ₹300 Off on Exchange
Upakrt,Black,Regular,False,False,14,1201,4999,75% off,Budget,4.1,402661,Bank Offer
Realme,Vibrant Orange,One Size,True,False,14,3999,7999,50% off,Mid-Range,4.4,621,Upto ₹300 Off on Exchange
Goboult,Ash Black,Free Size,False,True,14,1599,9999,84% off,Budget,4.0,20427,Super Deals
Goboult,Black,Free Size,True,True,14,2499,7999,68% off,Mid-Range,4.1,402661,Upto ₹300 Off on Exchange
Fire,Gold Black,Free Size,False,False,14,1299,7999,83% off,Budget,4.1,482547,Upto ₹300 Off on Exchange
Boat,Sterling Black,Free Size,True,False,14,3699,9999,63% off,Mid-Range,4.2,1237,Upto ₹300 Off on Exchange
Fire,Green Wave,Free Size,False,False,14,1299,9999,87% off,Budget,4.1,335485,Upto ₹300 Off on Exchange
Fastrack,Green,Free Size,True,False,14,1399,3995,64% off,Budget,4.2,340250,Super Deals
Fire,Charcoal Grey,Free Size,False,True,14,999,14999,93% off,Budget,4.1,482547,Super Deals
Boat,Bold Black,Free Size,True,True,14,1199,7990,84% off,Budget,4.1,424423,Upto ₹300 Off on Exchange
Gamesir,Pink,Free Size,False,False,14,691,2999,76% off,Budget,3.5,1726,Bank Offer
Prembrothers,Silver,Free Size,True,False,14,263,999,73% off,Budget,4.0,1168,Bank Offer
Goboult,Jet Black,Free Size,True,True,14,1899,6999,72% off,Budget,4.2,50447,Upto ₹300 Off on Exchange
Gamesir,Black,Free Size,False,True,14,894,3999,77% off,Budget,3.7,718,Bank Offer
Lnkart,Pack of 1,Free Size,True,False,14,248,499,50% off,Budget,4.0,136,Bank Offer
Fire,Rose Gold,Free Size,True,False,14,1799,21000,91% off,Budget,4.0,1101,Upto ₹300 Off on Exchange
Boat,Salmon Peach,Free Size,False,False,14,1149,7499,84% off,Budget,4.1,424423,Super Deals
Goboult,Black,Free Size,True,False,14,1899,6999,72% off,Budget,4.2,50447,Upto ₹300 Off on Exchange
Fire,Black Dual,Free Size,False,True,14,1299,9999,87% off,Budget,4.1,335485,Super Deals
Goboult,Silver,Free Size,True,True,14,1299,4499,71% off,Budget,4.1,119644,Upto ₹300 Off on Exchange
Goboult,Carbon Black,Free Size,True,False,14,1099,8999,87% off,Budget,4.2,2335,Upto ₹300 Off on Exchange
Boat,Brown,Free Size,True,False,14,1499,5999,75% off,Budget,4.1,18702,Upto ₹300 Off on Exchange
Goboult,Silver,Free Size,True,True,14,1799,6999,74% off,Budget,4.0,5251,Upto ₹300 Off on Exchange
Goboult,Green,Free Size,True,True,14,1099,7999,86% off,Budget,4.1,402661,Upto ₹300 Off on Exchange
Boat,Onyx Black,Free Size,True,False,14,1999,8999,77% off,Budget,4.2,5495,Upto ₹300 Off on Exchange
Boat,Black Metal Mesh,Free Size,False,False,14,1299,7499,82% off,Budget,4.1,424423,Upto ₹300 Off on Exchange
Fastrack,Green,Free Size,True,False,14,2099,4999,58% off,Mid-Range,4.3,15024,Super Deals
Fastrack,Green,Free Size,True,False,14,2099,4999,58% off,Mid-Range,4.3,15024,Upto ₹300 Off on Exchange
Fire,Milange Grey,Free Size,True,True,14,1299,9999,87% off,Budget,4.1,335485,Upto ₹300 Off on Exchange
Punnkfunnk,Black,Regular Size,False,True,14,834,2999,72% off,Budget,3.7,1085,Bank Offer
Noise,Elite Black,Regular,True,False,14,3999,6999,42% off,Mid-Range,4.1,2834,Super Deals
Noise,Vintage Brown,Regular,True,False,14,3499,6999,50% off,Mid-Range,4.1,2834,Super Deals
Boat,Blue,Free Size,True,True,15,1099,6999,84% off,Budget,4.1,135086,Super Deals
Noise,Midnight Blue,Regular,True,True,15,999,5999,83% off,Budget,4.1,883543,Super Deals
Hideous,Pack of 1,Free Size,False,False,15,129,899,85% off,Budget,3.6,68,Bank Offer
Titan,Brown,Free Size,True,False,15,5999,12995,53% off,Premium,4.2,1187,Upto ₹300 Off on Exchange
Gamesir,Black,Free Size,False,False,15,894,3999,77% off,Budget,3.7,718,Bank Offer
Samsung,Green,Small,False,False,15,19999,32999,39% off,Luxury,4.5,8379,Super Deals
Goboult,Coal Black,Free Size,False,True,15,1799,4999,64% off,Budget,4.1,20170,Upto ₹300 Off on Exchange
Goboult,Metal Black,Free Size,True,True,15,1199,8999,86% off,Budget,4.2,2335,Upto ₹300 Off on Exchange
Goboult,Blue,Free Size,True,False,15,1299,4499,71% off,Budget,4.1,119644,Upto ₹300 Off on Exchange
Boat,Ranger Black,Free Size,True,False,15,1699,8999,81% off,Budget,4.1,80,Super Deals
Goboult,Ash Black,Free Size,False,True,15,1599,9999,84% off,Budget,4.0,20427,Super Deals
Goboult,Black,Free Size,True,True,15,2499,7999,68% off,Mid-Range,4.1,402661,Upto ₹300 Off on Exchange
Boat,Cool Grey,Free Size,False,False,15,1499,6499,76% off,Budget,4.1,18702,Upto ₹300 Off on Exchange
Fire,Gold Millanese,Free Size,True,False,15,1599,12999,87% off,Budget,4.0,191725,Upto ₹300 Off on Exchange
Prowatch,Black,Free Size,True,False,15,1999,6999,71% off,Budget,4.1,383,Upto ₹300 Off on Exchange
Boat,Brown Leather,Free Size,False,False,15,1999,9499,78% off,Budget,4.0,24512,Super Deals
Fire,Charcoal Grey,Free Size,False,True,15,999,14999,93% off,Budget,4.1,482547,Super Deals
Boat,Bold Black,Free Size,True,True,15,1199,7990,84% off,Budget,4.1,424423,Upto ₹300 Off on Exchange
Goboult,Sapphire,Free Size,True,False,15,1099,8999,87% off,Budget,4.2,2335,Bank Offer
Goboult,Storm Grey,Free Size,True,False,15,1099,8999,87% off,Budget,4.2,2335,Upto ₹300 Off on Exchange
Goboult,Jet Black,Free Size,True,True,15,1899,6999,72% off,Budget,4.2,50447,Upto ₹300 Off on Exchange
Fire,Black Dual,Free Size,False,True,15,1299,9999,87% off,Budget,4.1,335485,Super Deals
Punnkfunnk,Black,Regular Size,False,False,15,863,2999,71% off,Budget,3.7,386,Bank Offer
J,Black,Free Size,True,False,15,196,499,60% off,Budget,4.0,638,Bank Offer
Db,Pack of 2,Free Size,False,False,15,154,499,69% off,Budget,3.9,22,Bank Offer
Noise,Carbon Black,Onesize,True,False,15,9999,10999,9% off,Premium,4.5,90,Upto ₹300 Off on Exchange
Goboult,Silver,Free Size,True,True,15,1299,4499,71% off,Budget,4.1,119644,Upto ₹300 Off on Exchange
Goboult,Silver,Free Size,True,True,15,1799,6999,74% off,Budget,4.0,5251,Upto ₹300 Off on Exchange
Goboult,Gunmetal,Free Size,True,False,15,1199,7999,85% off,Budget,4.1,402661,Upto ₹300 Off on Exchange
Noise,Mist Grey,Regular,True,False,15,1699,4999,66% off,Budget,4.2,2629,Super Deals
Goboult,Green,Free Size,True,True,15,1099,7999,86% off,Budget,4.1,402661,Upto ₹300 Off on Exchange
Punnkfunnk,Black,Regular Size,False,True,15,834,2999,72% off,Budget,3.7,1102,Bank Offer
Fire,Gold Black,Free Size,True,False,15,1299,11999,89% off,Budget,4.0,86145,Upto ₹300 Off on Exchange
Goboult,Blue,Free Size,True,False,15,1199,4999,76% off,Budget,4.0,16452,Upto ₹300 Off on Exchange
Boat,Active Black,Free Size,False,False,15,1999,8999,77% off,Budget,4.1,593,Super Deals
Cellecor,GARNISH/DARK GREY,Free Size,True,False,15,899,3999,77% off,Budget,4.1,1292,Bank Offer
Fire,Milange Grey,Free Size,True,True,15,1299,9999,87% off,Budget,4.1,335485,Upto ₹300 Off on Exchange
Gamesir,Pink,Free Size,True,True,15,695,1999,65% off,Budget,3.7,218,Bank Offer
Noise,Jet Black,Regular,True,False,15,1299,5999,78% off,Budget,4.1,929,Upto ₹300 Off on Exchange
Pebble,Silver,Free Size,True,False,15,3299,8999,63% off,Mid-Range,4.3,175,Super Deals
Boat,Blue,Free Size,True,True,16,1099,6999,84% off,Budget,4.1,135086,Super Deals
Noise,Midnight Blue,Regular,True,True,16,999,5999,83% off,Budget,4.1,883543,Super Deals
Hardercase,Black,Free Size,True,False,16,180,699,74% off,Budget,4.0,853,Bank Offer
Varsha,Pack of 1,Free Size,True,False,16,176,999,82% off,Budget,4.1,402661,Super Deals
Noise,Green,Regular,True,False,16,1199,4999,76% off,Budget,4.2,192796,Upto ₹300 Off on Exchange
Noise,Space Blue,Regular,True,False,16,2499,6999,64% off,Mid-Range,4.0,576,Upto ₹300 Off on Exchange
Goboult,Coal Black,Free Size,False,True,16,1799,4999,64% off,Budget,4.1,20170,Upto ₹300 Off on Exchange
Goboult,Metal Black,Free Size,True,True,16,1199,8999,86% off,Budget,4.2,2335,Upto ₹300 Off on Exchange
Fire,Champagne Mesh,Free Size,True,False,16,2199,18999,88% off,Mid-Range,4.1,24867,Upto ₹300 Off on Exchange
Boat,Rose Gold,Free Size,True,False,16,1899,8999,78% off,Budget,4.0,24512,Super Deals
Goboult,Ash Black,Free Size,False,True,16,1599,9999,84% off,Budget,4.0,20427,Super Deals
Goboult,Black,Free Size,True,True,16,2499,7999,68% off,Mid-Range,4.1,402661,Upto ₹300 Off on Exchange
Boat,Mint Green,Free Size,False,False,16,1149,7499,84% off,Budget,4.1,424423,Super Deals
Goboult,Inox Steel,Free Size,True,False,16,1799,4999,64% off,Budget,4.1,20170,Upto ₹300 Off on Exchange
Cmf,Metallic Grey,Free Size,True,False,16,3799,6499,41% off,Mid-Range,4.3,25355,Upto ₹300 Off on Exchange
Fire,Gold Steel,Free Size,False,False,16,1299,9999,87% off,Budget,4.1,335485,Upto ₹300 Off on Exchange
Fire,Charcoal Grey,Free Size,False,True,16,999,14999,93% off,Budget,4.1,482547,Super Deals
Boat,Bold Black,Free Size,True,True,16,1199,7990,84% off,Budget,4.1,424423,Upto ₹300 Off on Exchange
Boat,Blue,Free Size,True,False,16,1199,6999,82% off,Budget,4.3,2382,Super Deals
Noise,Jet Black,Regular,True,False,16,6999,9999,30% off,Premium,4.2,152,Super Deals
Goboult,Jet Black,Free Size,True,True,16,1899,6999,72% off,Budget,4.2,50447,Upto ₹300 Off on Exchange
Gamesir,Black,Free Size,False,True,16,894,3999,77% off,Budget,3.7,718,Bank Offer
Fastrack,Teal,Free Size,True,False,16,1399,3995,64% off,Budget,4.2,340250,Super Deals
Titan,Black,Free Size,True,False,16,7199,13995,48% off,Premium,4.2,1187,Upto ₹300 Off on Exchange
Asotai,Black,Free Size,False,False,16,299,1699,82% off,Budget,3.9,1223,Bank Offer
Lnkart,Pack of 1,Free Size,True,False,16,248,499,50% off,Budget,4.0,136,Bank Offer
Fire,Black Dual,Free Size,False,True,16,1299,9999,87% off,Budget,4.1,335485,Super Deals
Goboult,Silver,Free Size,True,True,16,1299,4499,71% off,Budget,4.1,119644,Upto ₹300 Off on Exchange
Noise,Gold Link,Regular,True,False,16,1599,4999,68% off,Budget,4.2,35643,Upto ₹300 Off on Exchange
Pebble,Gold,Free Size,False,False,16,2249,6999,67% off,Mid-Range,4.1,1666,Super Deals
Goboult,Silver,Free Size,True,True,16,1799,6999,74% off,Budget,4.0,5251,Upto ₹300 Off on Exchange
Goboult,Green,Free Size,True,True,16,1099,7999,86% off,Budget,4.1,402661,Upto ₹300 Off on Exchange
Fire,Gold,Free Size,True,False,16,2799,19999,86% off,Mid-Range,4.1,4926,Upto ₹300 Off on Exchange
Cmf,Silver,Free Size,True,False,16,4499,5999,25% off,Mid-Range,4.3,25355,Upto ₹300 Off on Exchange
Boat,Royal Berry,Free Size,True,False,16,1999,8999,77% off,Budget,4.2,5495,Upto ₹300 Off on Exchange
Boat,Metallic Silver,Free Size,True,False,16,1999,8999,77% off,Budget,4.1,1340,Upto ₹300 Off on Exchange
Punnkfunnk,Black,Regular Size,False,True,16,834,2999,72% off,Budget,3.7,1102,Bank Offer
Fire,Milange Grey,Free Size,True,True,16,1299,9999,87% off,Budget,4.1,335485,Upto ₹300 Off on Exchange
Fire,Shadow,Free Size,False,False,16,2999,24999,88% off,Mid-Range,3.8,31588,Super Deals
Fastrack,Green,Free Size,True,False,16,2499,5995,58% off,Mid-Range,4.3,42223,Upto ₹300 Off on Exchange
Boat,Blue,Free Size,True,True,17,1099,6999,84% off,Budget,4.1,135086,Super Deals
Noise,Midnight Blue,Regular,True,True,17,999,5999,83% off,Budget,4.1,883543,Super Deals
Boat,Phantom Blue,Free Size,True,False,17,1699,8999,81% off,Budget,4.1,80,Upto ₹300 Off on Exchange
Darkfit,Black,Free Size,True,False,17,200,1299,84% off,Budget,4.1,12129,Bank Offer
Pebble,Green,Free Size,False,False,17,2999,4999,40% off,Mid-Range,3.9,498,Bank Offer
Boat,Silver Myst,Free Size,True,False,17,1999,8999,77% off,Budget,4.0,24512,Super Deals
Goboult,Coal Black,Free Size,False,True,17,1799,4999,64% off,Budget,4.1,20170,Upto ₹300 Off on Exchange
Goboult,Metal Black,Free Size,True,True,17,1199,8999,86% off,Budget,4.2,2335,Upto ₹300 Off on Exchange
Boat,Steel Black,Free Size,True,False,17,2899,10999,73% off,Mid-Range,4.2,1676,Super Deals
Fastrack,Gun,Free Size,True,False,17,3299,5999,45% off,Mid-Range,4.3,1405,Upto ₹300 Off on Exchange
Goboult,Ash Black,Free Size,False,True,17,1599,9999,84% off,Budget,4.0,20427,Super Deals
Goboult,Black,Free Size,True,True,17,2499,7999,68% off,Mid-Range,4.1,402661,Upto ₹300 Off on Exchange
Fastrack,Green,Free Size,True,False,17,1699,3999,57% off,Budget,4.2,19576,Upto ₹300 Off on Exchange
Motorola,Matte Black / Matte Black band,Free Size,False,False,17,6999,12999,46% off,Premium,4.1,109,Super Deals
Boat,Active Blue,Free Size,True,False,17,1499,8999,83% off,Budget,4.1,2671,Super Deals
Cellecor,Gold Burgundy,Free Size,True,False,17,999,3999,75% off,Budget,4.2,1910,Bank Offer
Fire,Charcoal Grey,Free Size,False,True,17,999,14999,93% off,Budget,4.1,482547,Super Deals
Boat,Bold Black,Free Size,True,True,17,1199,7990,84% off,Budget,4.1,424423,Upto ₹300 Off on Exchange
Fastrack,Silver,Free Size,True,False,17,5799,9495,38% off,Premium,4.3,552,Upto ₹300 Off on Exchange
Noise,Signature Brown,Regular,True,False,17,6999,10499,33% off,Premium,4.1,799,Super Deals
Goboult,Jet Black,Free Size,True,True,17,1899,6999,72% off,Budget,4.2,50447,Upto ₹300 Off on Exchange
Gamesir,Black,Free Size,False,True,17,894,3999,77% off,Budget,3.7,718,Bank Offer
Fastrack,Black,Free Size,True,False,17,2299,3999,42% off,Mid-Range,4.2,1111,Upto ₹300 Off on Exchange
Google,Obsidian,Free Size,True,False,17,24990,39900,37% off,Luxury,4.6,333,Upto ₹300 Off on Exchange
Ydoxton,Black,Free Size,True,False,17,188,699,73% off,Budget,4.1,2075,Bank Offer
Pondrik,Pack of 2,Free Size,False,False,17,132,599,77% off,Budget,3.8,670,Bank Offer
Fire,Black Dual,Free Size,False,True,17,1299,9999,87% off,Budget,4.1,335485,Super Deals
Goboult,Silver,Free Size,True,True,17,1299,4499,71% off,Budget,4.1,119644,Upto ₹300 Off on Exchange
Noise,Elite Blue,Regular,True,False,17,3199,8999,64% off,Mid-Range,4.2,12801,Upto ₹300 Off on Exchange
Fire,Pink,Free Size,True,False,17,1399,14999,90% off,Budget,4.1,482547,Upto ₹300 Off on Exchange
Goboult,Silver,Free Size,True,True,17,1799,6999,74% off,Budget,4.0,5251,Upto ₹300 Off on Exchange
Goboult,Green,Free Size,True,True,17,1099,7999,86% off,Budget,4.1,402661,Upto ₹300 Off on Exchange
Fastrack,Blue,Free Size,True,False,17,1599,2995,46% off,Budget,4.3,11586,Upto ₹300 Off on Exchange
Noise,Brown,Regular,True,False,17,2499,7999,68% off,Mid-Range,4.2,12801,Hot Deal
Fastrack,Beige,Free Size,True,False,17,1599,2995,46% off,Budget,4.3,3000,Upto ₹300 Off on Exchange
Cmf,Orange,Free Size,True,False,17,5499,5999,8% off,Premium,4.4,25732,Upto ₹300 Off on Exchange
Punnkfunnk,Black,Regular Size,False,True,17,834,2999,72% off,Budget,3.7,1102,Bank Offer
Fire,Milange Grey,Free Size,True,True,17,1299,9999,87% off,Budget,4.1,335485,Upto ₹300 Off on Exchange
Fire,Black S,Free Size,True,False,17,1349,9999,86% off,Budget,3.8,4691,Upto ₹300 Off on Exchange
Nervfit,Midnight Black,Free size,False,False,17,1525,7999,80% off,Budget,4.0,882,Upto ₹300 Off on Exchange
Boat,Blue,Free Size,True,True,18,1099,6999,84% off,Budget,4.1,134922,Super Deals
Noise,Midnight Blue,Regular,True,True,18,999,5999,83% off,Budget,4.1,883543,Super Deals
Amazfit,Black Sport Silicone,Free Size,False,False,18,9999,21999,54% off,Premium,4.2,10,Upto ₹300 Off on Exchange
Hardercase,Black,Free Size,True,False,18,180,699,74% off,Budget,4.0,851,Bank Offer
Verilux,Leaf Green,Free Size,True,False,18,753,1649,54% off,Budget,4.1,402661,Bank Offer
Boat,Silver Myst,Free Size,True,False,18,1999,8999,77% off,Budget,4.0,24512,Super Deals
Goboult,Metal Black,Free Size,True,True,18,1199,8999,86% off,Budget,4.2,2335,Upto ₹300 Off on Exchange
Fire,Charcoal Grey,Free Size,False,True,18,999,14999,93% off,Budget,4.1,482547,Super Deals
Boat,Metallic Silver,Free Size,True,False,18,1999,8999,77% off,Budget,4.1,1340,Upto ₹300 Off on Exchange
Fastrack,Green,Free Size,True,False,18,1699,3999,57% off,Budget,4.2,19576,Upto ₹300 Off on Exchange
Gamesir,Black,Free Size,False,True,18,894,3999,77% off,Budget,3.7,718,Bank Offer
Boat,Bold Black,Free Size,True,True,18,1199,7990,84% off,Budget,4.1,424423,Upto ₹300 Off on Exchange
Titan,Brown,Free Size,True,False,18,5999,12995,53% off,Premium,4.2,1187,Upto ₹300 Off on Exchange
Boat,Blue,Free Size,True,False,18,1099,8499,87% off,Budget,4.1,424423,Super Deals
Cmf,Silver,Free Size,True,False,18,4499,5999,25% off,Mid-Range,4.3,25355,Upto ₹300 Off on Exchange
Cellecor,GARNISH/BLACK-GREEN,Free Size,False,False,18,899,3999,77% off,Budget,4.1,1292,Bank Offer
Goboult,Black,Free Size,True,True,18,2499,7999,68% off,Mid-Range,4.1,402661,Upto ₹300 Off on Exchange
Goboult,Ash Black,Free Size,False,True,18,1599,9999,84% off,Budget,4.0,20427,Super Deals
Goboult,Saffron,Free Size,False,False,18,1499,6999,78% off,Budget,4.1,1439,Upto ₹300 Off on Exchange
Boat,Coco Brown,Free Size,True,False,18,3299,9499,65% off,Mid-Range,4.2,1237,Super Deals
Goboult,Jet Black,Free Size,True,True,18,1899,6999,72% off,Budget,4.2,50447,Upto ₹300 Off on Exchange
Fire,Black Dual,Free Size,False,True,18,1299,9999,87% off,Budget,4.1,335485,Super Deals
Boat,Jade Gold,Free Size,True,False,18,1499,5999,75% off,Budget,4.1,18702,Upto ₹300 Off on Exchange
Wtg,Maroon,Regular Size,False,False,18,1349,5999,77% off,Budget,3.8,1359,Bank Offer
Cmf,Blue,Free Size,True,False,18,999,6999,84% off,Budget,4.2,109,Bank Offer
Lnkart,Pack of 1,Free Size,True,False,18,248,499,50% off,Budget,4.0,136,Bank Offer
Goboult,Silver,Free Size,True,True,18,1299,4499,71% off,Budget,4.1,119644,Upto ₹300 Off on Exchange
Punnkfunnk,Black,Regular Size,False,True,18,834,2999,72% off,Budget,3.7,1085,Bank Offer
Boat,Steel Black,Free Size,True,False,18,2899,10999,73% off,Mid-Range,4.2,1676,Super Deals
Fastrack,Blue,Free Size,True,False,18,2099,4999,58% off,Mid-Range,4.3,15036,Upto ₹300 Off on Exchange
Goboult,Silver,Free Size,True,True,18,1799,6999,74% off,Budget,4.0,5251,Upto ₹300 Off on Exchange
Gamesir,Pink,Free Size,True,True,18,695,1999,65% off,Budget,3.7,218,Bank Offer
Fire,Shadow,Free Size,False,False,18,2999,24999,88% off,Mid-Range,3.8,31588,Super Deals
Nervfit,Black,Free size,False,False,18,2334,21999,89% off,Mid-Range,3.9,648,Bank Offer
Boat,Sterling Black,Free Size,True,False,18,3699,9999,63% off,Mid-Range,4.2,1237,Upto ₹300 Off on Exchange
Boat,Royal Berry,Free Size,True,False,18,1999,8999,77% off,Budget,4.2,5486,Upto ₹300 Off on Exchange
Goboult,Green,Free Size,True,True,18,1099,7999,86% off,Budget,4.1,402661,Upto ₹300 Off on Exchange
Fire,Milange Grey,Free Size,True,True,18,1299,9999,87% off,Budget,4.1,335485,Upto ₹300 Off on Exchange
Fastrack,Green,Free Size,True,False,18,2299,7995,71% off,Mid-Range,4.3,136408,Super Deals
Pebble,Gold,Free Size,False,False,18,2249,6999,67% off,Mid-Range,4.1,1667,Super Deals
Boat,Blue,Free Size,True,True,19,1099,6999,84% off,Budget,4.1,134922,Super Deals
Noise,Midnight Blue,Regular,True,True,19,999,5999,83% off,Budget,4.1,883543,Super Deals
Noise,Space Blue,Regular,True,False,19,1299,5999,78% off,Budget,4.1,929,Upto ₹300 Off on Exchange
Noise,Jet Black,Regular,True,False,19,6999,9999,30% off,Premium,4.1,799,Upto ₹300 Off on Exchange
Noise,Signature Brown,Regular,True,False,19,6999,10499,33% off,Premium,4.1,799,Super Deals
Cellecor,Blue,Free Size,True,False,19,999,3999,75% off,Budget,4.2,4618,Bank Offer
Goboult,Metal Black,Free Size,True,True,19,1199,8999,86% off,Budget,4.2,2335,Upto ₹300 Off on Exchange
Goboult,Black,Free Size,True,True,19,2499,7999,68% off,Mid-Range,4.1,402661,Upto ₹300 Off on Exchange
Epaal,Black,Free Size,True,False,19,233,399,41% off,Budget,4.1,2529,Bank Offer
Pebble,Blue,Free Size,False,False,19,2999,4999,40% off,Mid-Range,3.9,490,Bank Offer
Goboult,Ash Black,Free Size,False,True,19,1599,9999,84% off,Budget,4.0,20427,Super Deals
Fire,Charcoal Grey,Free Size,False,True,19,999,14999,93% off,Budget,4.1,482547,Super Deals
Boat,Black Metal,Free Size,False,False,19,1449,8999,83% off,Budget,4.0,34022,Upto ₹300 Off on Exchange
Google,Obsidian,Free Size,True,False,19,24990,39900,37% off,Luxury,4.6,333,Upto ₹300 Off on Exchange
Boat,Sapphire Breeze,One Size,True,False,19,1199,8999,86% off,Budget,4.0,26809,Super Deals
Fastrack,Black,Free Size,True,False,19,2999,5999,50% off,Mid-Range,4.2,693,Upto ₹300 Off on Exchange
Boat,Bold Black,Free Size,True,True,19,1199,7990,84% off,Budget,4.1,424423,Upto ₹300 Off on Exchange
Gamesir,Black,Free Size,False,True,19,894,3999,77% off,Budget,3.7,718,Bank Offer
Noise,Rose Pink,Regular,True,False,19,2799,5999,53% off,Mid-Range,4.4,286,Upto ₹300 Off on Exchange
Pebble,Black,Free Size,True,False,19,3499,5999,41% off,Mid-Range,4.1,842,Super Deals
Goboult,Jet Black,Free Size,True,True,19,1899,6999,72% off,Budget,4.2,50447,Upto ₹300 Off on Exchange
Fire,Black Dual,Free Size,False,True,19,1299,9999,87% off,Budget,4.1,335485,Super Deals
Goboult,Jet Black,Free Size,True,False,19,1299,4999,74% off,Budget,4.0,16425,Upto ₹300 Off on Exchange
Fastrack,Wine Red,Free Size,True,False,19,1399,3995,64% off,Budget,4.2,340250,Super Deals
Fastrack,Black,Free Size,True,False,19,2299,3999,42% off,Mid-Range,4.2,1111,Upto ₹300 Off on Exchange
Noise,Elite Blue,Regular,True,False,19,3199,8999,64% off,Mid-Range,4.2,12801,Upto ₹300 Off on Exchange
Goboult,Silver,Free Size,True,True,19,1299,4499,71% off,Budget,4.1,119644,Upto ₹300 Off on Exchange
Goboult,Silver,Free Size,True,True,19,1799,6999,74% off,Budget,4.0,5251,Upto ₹300 Off on Exchange
Boat,Cherry Blossom,Free Size,True,False,19,1499,5999,75% off,Budget,4.1,18702,Upto ₹300 Off on Exchange
Flipkart,Mullti Color,Free Size,True,False,19,210,699,69% off,Budget,4.1,851,Bank Offer
Punnkfunnk,Black,Regular Size,False,True,19,834,2999,72% off,Budget,3.7,1085,Bank Offer
Goboult,Green,Free Size,True,True,19,1099,7999,86% off,Budget,4.1,402661,Upto ₹300 Off on Exchange
Varsha,Pack of 1,Free Size,True,False,19,176,999,82% off,Budget,4.1,402661,Super Deals
Nervfit,Orchid Pink,Free size,True,False,19,1525,7999,80% off,Budget,4.0,882,Bank Offer
Fastrack,Silver,Free Size,True,False,19,5799,9495,38% off,Premium,4.3,552,Upto ₹300 Off on Exchange
Goboult,Phantom Black,Free Size,False,False,19,1499,6999,78% off,Budget,3.9,4265,Super Deals
Gamesir,Pink,Free Size,True,True,19,695,1999,65% off,Budget,3.7,218,Bank Offer
Fire,Milange Grey,Free Size,True,True,19,1299,9999,87% off,Budget,4.1,335485,Upto ₹300 Off on Exchange
Fire,Dark Grey SS,Free Size,True,False,19,1399,11999,88% off,Budget,4.0,86054,Super Deals
Motorola,Matte Black / Matte Black band,Free Size,False,False,19,6999,12999,46% off,Premium,4.1,109,Super Deals
Boat,Blue,Free Size,True,True,20,1099,6999,84% off,Budget,4.1,134922,Super Deals
Noise,Midnight Blue,Regular,True,True,20,999,5999,83% off,Budget,4.1,883543,Super Deals
Boat,Active Blue,Free Size,True,False,20,1499,8999,83% off,Budget,4.0,2658,Super Deals
Boat,Cherry Blossom,Free Size,True,False,20,1499,6499,76% off,Budget,4.1,18702,Upto ₹300 Off on Exchange
Noise,Silver Link,Regular,True,False,20,1599,4999,68% off,Budget,4.2,35643,Upto ₹300 Off on Exchange
Cellecor,Golden/Orange,Free Size,False,False,20,1199,8999,86% off,Budget,4.2,1466,Upto ₹300 Off on Exchange
Goboult,Metal Black,Free Size,True,True,20,1199,8999,86% off,Budget,4.2,2335,Upto ₹300 Off on Exchange
Goboult,Ash Black,Free Size,False,True,20,1599,9999,84% off,Budget,4.0,20427,Super Deals
Fire,Pink,Free Size,True,False,20,1399,14999,90% off,Budget,4.1,482547,Upto ₹300 Off on Exchange
Bynoo,Black,Free Size,True,False,20,223,999,77% off,Budget,3.9,1382,Bank Offer
Goboult,Black,Free Size,True,True,20,2499,7999,68% off,Mid-Range,4.1,402661,Upto ₹300 Off on Exchange
Fire,Charcoal Grey,Free Size,False,True,20,999,14999,93% off,Budget,4.1,482547,Super Deals
Lnkart,Pack of 1,Free Size,True,False,20,248,499,50% off,Budget,4.0,136,Bank Offer
Boat,Active Black,Free Size,True,False,20,1599,7999,80% off,Budget,4.0,85,Super Deals
Satyam,ORANGE,FREE SIZE,False,False,20,492,4299,88% off,Budget,3.3,311,Bank Offer
Punnkfunnk,Grey,Regular Size,False,False,20,863,2999,71% off,Budget,3.7,1085,Bank Offer
Boat,Bold Black,Free Size,True,True,20,1199,7990,84% off,Budget,4.1,424423,Upto ₹300 Off on Exchange
Goboult,Jet Black,Free Size,True,True,20,1899,6999,72% off,Budget,4.2,50447,Upto ₹300 Off on Exchange
Cellecor,Gold Burgundy,Free Size,True,False,20,999,3999,75% off,Budget,4.2,1910,Bank Offer
Apple,Midnight,Free Size,True,False,20,20999,27900,24% off,Luxury,4.6,2916,Upto ₹300 Off on Exchange
Gamesir,Black,Free Size,False,True,20,894,3999,77% off,Budget,3.7,718,Bank Offer
Fire,Black Dual,Free Size,False,True,20,1299,9999,87% off,Budget,4.1,335485,Super Deals
Boat,Cool Grey,One Size,False,False,20,1199,8999,86% off,Budget,4.0,26809,Super Deals
Goboult,Yellow,Free Size,True,False,20,1099,4499,75% off,Budget,4.1,119644,Upto ₹300 Off on Exchange
Boat,Metallic Black,Free Size,True,False,20,2799,8499,67% off,Mid-Range,4.2,982,Super Deals
Noise,Silver Blue,Regular,True,False,20,3499,6999,50% off,Mid-Range,4.3,898,Upto ₹300 Off on Exchange
Goboult,Silver,Free Size,True,True,20,1299,4499,71% off,Budget,4.1,119644,Upto ₹300 Off on Exchange
Goboult,Silver,Free Size,True,True,20,1799,6999,74% off,Budget,4.0,5251,Upto ₹300 Off on Exchange
Goboult,Metal Black,Free Size,True,False,20,1299,6999,81% off,Budget,4.1,57476,Upto ₹300 Off on Exchange
Cellecor,GOLD/PURPLE-BROWN,Free Size,False,False,20,899,3999,77% off,Budget,4.1,1292,Bank Offer
Goboult,Green,Free Size,True,True,20,1099,7999,86% off,Budget,4.1,402661,Upto ₹300 Off on Exchange
Punnkfunnk,Black,Regular Size,False,True,20,834,2999,72% off,Budget,3.7,1085,Bank Offer
Amazfit,Black Leather,Free Size,True,False,20,11999,24999,52% off,Luxury,4.2,10,Super Deals
Darkfit,Black,Free Size,True,False,20,200,1299,84% off,Budget,4.1,12129,Bank Offer
Pondrik,Pack of 2,Free Size,False,False,20,132,599,77% off,Budget,3.8,670,Bank Offer
Repoint,Multicolour,Free Size,False,False,20,779,1599,51% off,Budget,3.6,698,Bank Offer
Fire,Milange Grey,Free Size,True,True,20,1299,9999,87% off,Budget,4.1,335485,Upto ₹300 Off on Exchange
Gamesir,Pink,Free Size,True,True,20,695,1999,65% off,Budget,3.7,218,Bank Offer
Fire,Copper Blue,Free Size,True,False,20,1299,11999,89% off,Budget,4.0,86054,Upto ₹300 Off on Exchange
Fire,Mocha Mouse,Free Size,True,False,20,1299,11999,89% off,Budget,4.0,86054,Upto ₹300 Off on Exchange
Boat,Blue,Free Size,True,True,21,1099,6999,84% off,Budget,4.1,134922,Super Deals
Noise,Midnight Blue,Regular,True,True,21,999,5999,83% off,Budget,4.1,883543,Super Deals
Fastrack,Black,Free Size,True,False,21,5499,8499,35% off,Premium,4.1,35,Upto ₹300 Off on Exchange
Noise,Rose Pink,Regular,True,False,21,1899,6999,72% off,Budget,4.2,14943,Hot Deal
Samsung,Silver,Small,True,False,21,12999,29999,56% off,Luxury,4.1,4251,Upto ₹300 Off on Exchange
Fastrack,Beige,Free Size,True,False,21,1699,3999,57% off,Budget,4.2,19576,Upto ₹300 Off on Exchange
Goboult,Metal Black,Free Size,True,True,21,1199,8999,86% off,Budget,4.2,2335,Upto ₹300 Off on Exchange
Goboult,Black,Free Size,True,True,21,2499,7999,68% off,Mid-Range,4.1,402661,Upto ₹300 Off on Exchange
Noise,Vintage Brown,Regular,True,False,21,2499,7999,68% off,Mid-Range,4.0,2179,Upto ₹300 Off on Exchange
Fastrack,Green,Free Size,True,False,21,1599,2995,46% off,Budget,4.3,3000,Upto ₹300 Off on Exchange
Goboult,Ash Black,Free Size,False,True,21,1599,9999,84% off,Budget,4.0,20427,Super Deals
Boat,Bold Black,Free Size,True,True,21,1199,7990,84% off,Budget,4.1,424423,Upto ₹300 Off on Exchange
Fastrack,Silver,Free Size,True,False,21,2999,5999,50% off,Mid-Range,4.2,693,Upto ₹300 Off on Exchange
Styleys,Clear,Free Size,False,False,21,203,1799,88% off,Budget,3.9,3961,Bank Offer
Pebble,Jet Black,Free Size,False,False,21,2099,4999,58% off,Mid-Range,3.8,8,Super Deals
Garmin,Bezel & Black,Free Size,False,False,21,24990,36599,31% off,Luxury,4.9,8,Upto ₹300 Off on Exchange
Fire,Charcoal Grey,Free Size,False,True,21,999,14999,93% off,Budget,4.1,482547,Super Deals
Goboult,Jet Black,Free Size,True,True,21,1899,6999,72% off,Budget,4.2,50447,Upto ₹300 Off on Exchange
Noise,Black,Regular,True,False,21,1799,6999,74% off,Budget,4.0,11457,Upto ₹300 Off on Exchange
Boat,Steel Black,Free Size,True,False,21,4199,10999,61% off,Mid-Range,4.2,1237,Upto ₹300 Off on Exchange
Gamesir,Black,Free Size,False,True,21,894,3999,77% off,Budget,3.7,718,Bank Offer
Fire,Black Dual,Free Size,False,True,21,1299,9999,87% off,Budget,4.1,335485,Super Deals
Techio,Orange,Free Size,False,False,21,489,1999,75% off,Budget,3.2,479,Bank Offer
Noise,Classic Black,Regular,True,False,21,3499,6999,50% off,Mid-Range,4.3,898,Super Deals
Pebble,Classic Black,Free Size,True,False,21,2249,6999,67% off,Mid-Range,4.1,1667,Super Deals
Goboult,Silver,Free Size,True,False,21,2499,7999,68% off,Mid-Range,4.4,147,Super Deals
Goboult,Silver,Free Size,True,True,21,1299,4499,71% off,Budget,4.1,119644,Upto ₹300 Off on Exchange
Goboult,Silver,Free Size,True,True,21,1799,6999,74% off,Budget,4.0,5251,Upto ₹300 Off on Exchange
Noise,Power Pixel,Regular,True,False,21,5999,7999,25% off,Premium,4.3,302,Upto ₹300 Off on Exchange
Fastrack,Black,Free Size,True,False,21,5799,9495,38% off,Premium,4.3,552,Upto ₹300 Off on Exchange
Punnkfunnk,Black,Regular Size,False,True,21,834,2999,72% off,Budget,3.7,1085,Bank Offer
Goboult,Green,Free Size,True,True,21,1099,7999,86% off,Budget,4.1,402661,Upto ₹300 Off on Exchange
Samsung,Silver,Large,True,False,21,22999,34999,34% off,Luxury,4.5,8379,Bank Offer
Alt,Black,Free Size,False,False,21,1299,12999,90% off,Budget,4.0,3381,Upto ₹300 Off on Exchange
Noise,Dark Grey,Regular,True,False,21,1299,8999,85% off,Budget,4.2,4648,Upto ₹300 Off on Exchange
Gr,"Grey, Black, Orange",Free Size,True,False,21,171,968,82% off,Budget,4.1,702,Bank Offer
Gamesir,Pink,Free Size,True,True,21,695,1999,65% off,Budget,3.7,218,Bank Offer
Fire,Milange Grey,Free Size,True,True,21,1299,9999,87% off,Budget,4.1,335485,Upto ₹300 Off on Exchange
Vd,Pack of 1,Free Size,False,False,21,483,1599,69% off,Budget,3.7,3,Bank Offer
Alt,Brick Red,Regular,True,False,21,999,7999,87% off,Budget,4.2,25231,Bank Offer
Boat,Blue,Free Size,True,True,22,1099,6999,84% off,Budget,4.1,135086,Super Deals
Goboult,Coal Black,Free Size,False,True,22,1799,4999,64% off,Budget,4.1,20170,Upto ₹300 Off on Exchange
Noise,Rose Pink,Regular,True,False,22,1499,4999,70% off,Budget,4.2,192796,Upto ₹300 Off on Exchange
Yash,Black,Free Size,False,False,22,467,3940,88% off,Budget,3.3,1034,Bank Offer
Gamesir,Grey,Free size,False,False,22,865,4999,82% off,Budget,3.7,1034,Bank Offer
Pebble,CARBON GREY,Free Size,True,False,22,2989,9999,70% off,Mid-Range,4.2,425,Super Deals
Noise,Midnight Blue,Regular,True,True,22,999,5999,83% off,Budget,4.1,883543,Super Deals
Goboult,Metal Black,Free Size,True,True,22,1199,8999,86% off,Budget,4.2,2335,Upto ₹300 Off on Exchange
Goboult,Gold Silver,Free Size,True,False,22,2499,7999,68% off,Mid-Range,4.0,3340,Upto ₹300 Off on Exchange
Noise,Space Blue,Regular,True,False,22,2799,6999,60% off,Mid-Range,4.2,37558,Upto ₹300 Off on Exchange
Goboult,Ash Black,Free Size,False,True,22,1599,9999,84% off,Budget,4.0,20427,Super Deals
Goboult,Black,Free Size,True,True,22,2499,7999,68% off,Mid-Range,4.1,402661,Upto ₹300 Off on Exchange
Nikki,"Golden, Pink",Free,True,False,22,951,4399,78% off,Budget,3.8,2038,Bank Offer
Titan,Black,Free Size,True,False,22,3999,13995,71% off,Mid-Range,4.2,936,Upto ₹300 Off on Exchange
Techwind,Mullti Color,Free Size,True,False,22,206,999,79% off,Budget,3.8,1870,Bank Offer
Db,Pack of 4,Free Size,False,False,22,154,599,74% off,Budget,3.6,26,Bank Offer
Fire,Charcoal Grey,Free Size,False,True,22,999,14999,93% off,Budget,4.1,482547,Super Deals
Boat,Bold Black,Free Size,True,True,22,1199,7990,84% off,Budget,4.1,424423,Upto ₹300 Off on Exchange
Boat,Black Metal,Free Size,False,False,22,1799,8499,78% off,Budget,4.0,85,Super Deals
Boat,Active Black,Free Size,True,False,22,3699,9999,63% off,Mid-Range,4.2,1237,Upto ₹300 Off on Exchange
Goboult,Jet Black,Free Size,True,True,22,1899,6999,72% off,Budget,4.2,50447,Upto ₹300 Off on Exchange
Gamesir,Black,Free Size,False,True,22,894,3999,77% off,Budget,3.7,718,Bank Offer
Noise,Jet Black,Regular,True,False,22,2499,6999,64% off,Mid-Range,4.0,576,Upto ₹300 Off on Exchange
Yash,Black,Free Size,False,False,22,472,1499,68% off,Budget,3.6,75,Bank Offer
Noise,Classic Brown,Regular,False,False,22,6999,9999,30% off,Premium,4.2,152,Super Deals
Cellecor,Cool Grey,Free Size,True,False,22,999,3999,75% off,Budget,4.2,676,Bank Offer
Fire,Black Dual,Free Size,False,True,22,1299,9999,87% off,Budget,4.1,335485,Super Deals
Goboult,Silver,Free Size,True,True,22,1299,4499,71% off,Budget,4.1,119644,Upto ₹300 Off on Exchange
Fire,Black SS,Free Size,True,False,22,1399,16999,91% off,Budget,4.1,482547,Upto ₹300 Off on Exchange
Noise,Green,Regular,False,False,22,1499,6999,78% off,Budget,3.9,1118,Super Deals
Goboult,Silver,Free Size,True,True,22,1799,6999,74% off,Budget,4.0,5251,Upto ₹300 Off on Exchange
Goboult,Green,Free Size,True,True,22,1099,7999,86% off,Budget,4.1,402661,Upto ₹300 Off on Exchange
Goboult,Gunmetal,Free Size,False,False,22,2499,7999,68% off,Mid-Range,4.0,3340,Upto ₹300 Off on Exchange
Wtg,Pink,Regular Size,False,False,22,1347,3999,66% off,Budget,3.8,1359,Upto ₹300 Off on Exchange
Rishi,Gold,Free Size,True,False,22,943,2999,68% off,Budget,4.0,417,Bank Offer
Techwind,Mullti Color,Free Size,False,False,22,209,719,70% off,Budget,3.9,329,Bank Offer
Punnkfunnk,Black,Regular Size,False,True,22,834,2999,72% off,Budget,3.7,1102,Bank Offer
Fire,Milange Grey,Free Size,True,True,22,1299,9999,87% off,Budget,4.1,335485,Upto ₹300 Off on Exchange
Vsa,Black,M,False,False,22,451,1999,77% off,Budget,3.5,36,Bank Offer
Noise,Nickel Brown,Regular,True,False,22,1299,5999,78% off,Budget,4.1,929,Upto ₹300 Off on Exchange
Boat,Blue,Free Size,True,True,23,1099,6999,84% off,Budget,4.1,135086,Super Deals
Noise,Midnight Blue,Regular,True,True,23,999,5999,83% off,Budget,4.1,883543,Super Deals
Melbon,Orange,Free Size,False,False,23,703,2999,76% off,Budget,3.7,686,Bank Offer
Motorola,Pantone Parachute Purple Band,Free Size,False,False,23,5999,11999,50% off,Premium,4.1,109,Super Deals
Google,Obsidian,Free Size,True,False,23,43900,6999,84% off,Luxury,4.5,42,Upto ₹300 Off on Exchange
Samsung,Black,Large,True,False,23,50999,59999,15% off,Ultra-Luxury,4.5,147,Upto ₹300 Off on Exchange
Goboult,Coal Black,Free Size,False,True,23,1799,4999,64% off,Budget,4.1,20170,Upto ₹300 Off on Exchange
Goboult,Metal Black,Free Size,True,True,23,1199,8999,86% off,Budget,4.2,2335,Upto ₹300 Off on Exchange
Noise,Deep Wine,Regular,True,False,23,2499,6999,64% off,Mid-Range,4.0,576,Upto ₹300 Off on Exchange
Punnkfunnk,Metal Silver,Free Size,True,False,23,859,2999,71% off,Budget,4.0,93,Bank Offer
Goboult,Ash Black,Free Size,False,True,23,1599,9999,84% off,Budget,4.0,20427,Super Deals
Goboult,Black,Free Size,True,True,23,2499,7999,68% off,Mid-Range,4.1,402661,Upto ₹300 Off on Exchange
Itel,Midnight Blue,Free Size,False,False,23,999,3999,75% off,Budget,4.1,343,Super Deals
Apple,Black,Small,True,False,23,49900,6999,84% off,Luxury,4.6,85,Upto ₹300 Off on Exchange
Nervfit,Orchid Pink,Free size,True,False,23,2230,17999,87% off,Mid-Range,4.2,125,Upto ₹300 Off on Exchange
Spigen,Black,Free Size,True,False,23,1529,2199,30% off,Budget,4.4,18,Bank Offer
Fire,Charcoal Grey,Free Size,False,True,23,999,14999,93% off,Budget,4.1,482547,Super Deals
Boat,Bold Black,Free Size,True,True,23,1199,7990,84% off,Budget,4.1,424423,Upto ₹300 Off on Exchange
Vd,Pack of 1,Free Size,False,False,23,191,1599,88% off,Budget,2.8,4,Bank Offer
Yash,BLACK,FREE SIZE,False,False,23,463,2113,78% off,Budget,3.5,17314,Bank Offer
Gamesir,Black,Free Size,False,True,23,894,3999,77% off,Budget,3.7,718,Bank Offer
Goboult,Jet Black,Free Size,True,True,23,1899,6999,72% off,Budget,4.2,50447,Upto ₹300 Off on Exchange
Apple,Light Blush,Small,True,False,23,49900,6999,84% off,Luxury,4.6,85,Upto ₹300 Off on Exchange
Boat,Steel Black,Free Size,False,False,23,2999,14999,80% off,Mid-Range,4.1,305,Upto ₹300 Off on Exchange
Boat,Rose Pink,Free Size,False,False,23,3499,5999,41% off,Mid-Range,4.4,8,Upto ₹300 Off on Exchange
Melbon,Silver Dial &,Regular,False,False,23,984,3999,75% off,Budget,3.6,591,Bank Offer
Fire,Black Dual,Free Size,False,True,23,1299,9999,87% off,Budget,4.1,335485,Super Deals
Goboult,Silver,Free Size,True,True,23,1299,4499,71% off,Budget,4.1,119644,Upto ₹300 Off on Exchange
Satyam,Black,Free size,False,False,23,500,1097,54% off,Budget,3.4,78,Bank Offer
Boat,Dark Blue,Free Size,False,False,23,1376,7499,81% off,Budget,4.1,424423,Bank Offer
Goboult,Silver,Free Size,True,True,23,1799,6999,74% off,Budget,4.0,5251,Upto ₹300 Off on Exchange
Punnkfunnk,Black,Regular Size,False,True,23,834,2999,72% off,Budget,3.7,1102,Bank Offer
Mbs,"Gold, Pink",Free Size,False,False,23,953,4500,78% off,Budget,3.8,1316,Bank Offer
Boat,Black Metal,Free Size,True,False,23,1199,8499,85% off,Budget,4.1,424423,Upto ₹300 Off on Exchange
Imoo,Bamboo Green,Free Size,True,False,23,9990,12990,23% off,Premium,4.3,73,Upto ₹300 Off on Exchange
Widos,"BLACK, ORANGE",MEDIUM,False,False,23,636,2999,78% off,Budget,4.1,402661,Bank Offer
Goboult,Green,Free Size,True,True,23,1099,7999,86% off,Budget,4.1,402661,Upto ₹300 Off on Exchange
Gamesir,Pink,Free Size,True,True,23,695,1999,65% off,Budget,3.7,218,Bank Offer
Nervfit,Midnight Black,Free size,True,False,23,1170,7999,85% off,Budget,4.1,223,Upto ₹300 Off on Exchange
Ydoxton,"Black, Blue",Free Size,True,False,23,206,799,74% off,Budget,4.0,431,Bank Offer
Boat,Blue,Free Size,True,True,24,1099,6999,84% off,Budget,4.1,134922,Super Deals
Noise,Midnight Blue,Regular,True,True,24,999,5999,83% off,Budget,4.1,883543,Super Deals
Yash,Orange,Free Size,False,False,24,461,1199,61% off,Budget,3.5,551,Bank Offer
Pushkar,Orange,Free Size,False,False,24,475,4100,88% off,Budget,3.5,12852,Super Deals
Dicrobots,"Gold, Pink",Free Size,False,False,24,974,4499,78% off,Budget,3.8,217,Bank Offer
Sweetex,Regular,Regular,False,False,24,955,5880,83% off,Budget,3.9,683,Bank Offer
Goboult,Metal Black,Free Size,True,True,24,1199,8999,86% off,Budget,4.2,2335,Upto ₹300 Off on Exchange
Goboult,Black,Free Size,True,True,24,2499,7999,68% off,Mid-Range,4.1,402661,Upto ₹300 Off on Exchange
Techwind,Mullti Color,Free Size,False,False,24,226,699,67% off,Budget,4.0,6545,Bank Offer
Db,Pack of 3,Free Size,False,False,24,142,599,76% off,Budget,3.9,228,Bank Offer
Fire,Charcoal Grey,Free Size,False,True,24,999,14999,93% off,Budget,4.1,482547,Super Deals
Goboult,Ash Black,Free Size,False,True,24,1599,9999,84% off,Budget,4.0,20427,Super Deals
Melbon,Metal Black,Free Size,False,False,24,793,1999,60% off,Budget,3.7,98,Bank Offer
Yash,ORANGE,Free Size,False,False,24,500,3999,87% off,Budget,2.4,18,Bank Offer
Longan,Black,Free Size,False,False,24,932,2000,53% off,Budget,3.0,81,Bank Offer
Boomly,Black,Free Size,True,False,24,492,4999,90% off,Budget,3.8,42,Bank Offer
Boat,Bold Black,Free Size,True,True,24,1199,7990,84% off,Budget,4.1,424423,Upto ₹300 Off on Exchange
Gamesir,Black,Free Size,False,True,24,894,3999,77% off,Budget,3.7,718,Bank Offer
Nikhilx,Orange,Free size,True,False,24,664,1999,66% off,Budget,4.1,402661,Bank Offer
Yash,Black,Free Size,False,False,24,480,1999,75% off,Budget,3.5,17292,Bank Offer
Goboult,Jet Black,Free Size,True,True,24,1899,6999,72% off,Budget,4.2,50447,Upto ₹300 Off on Exchange
Fire,Black Dual,Free Size,False,True,24,1299,9999,87% off,Budget,4.1,335485,Super Deals
Gamesir,M Grey,M,False,False,24,1251,4999,74% off,Budget,3.6,301,Bank Offer
Boat,Cocoa Brown,Free Size,False,False,24,3999,10499,61% off,Mid-Range,4.3,132,Bank Offer
Techio,Orange,Large,False,False,24,448,1999,77% off,Budget,3.7,47,Bank Offer
Neha,Multicolor,Free Size,False,False,24,744,3590,79% off,Budget,3.6,136,Bank Offer
Goboult,Silver,Free Size,True,True,24,1299,4499,71% off,Budget,4.1,119644,Upto ₹300 Off on Exchange
Goboult,Silver,Free Size,True,True,24,1799,6999,74% off,Budget,4.0,5251,Upto ₹300 Off on Exchange
Gtack,Gold,Free Size,False,False,24,709,3399,79% off,Budget,2.3,4,Bank Offer
Necesories,Black,Free Size,True,False,24,368,1699,78% off,Budget,3.9,121,Bank Offer
Goboult,Green,Free Size,True,True,24,1099,7999,86% off,Budget,4.1,402661,Upto ₹300 Off on Exchange
Gamesir,Pink,Free Size,True,True,24,695,1999,65% off,Budget,3.7,218,Bank Offer
Dowrvin,Pack of 3,Free Size,False,False,24,144,599,75% off,Budget,4.1,402661,Bank Offer
Siacart,No,Free Size,False,False,24,693,2999,76% off,Budget,3.9,14,Bank Offer
Yash,Gold,Free Size,True,False,24,930,3799,75% off,Budget,4.0,97,Bank Offer
Fastrack,Orange,Free Size,True,False,24,5499,8499,35% off,Premium,4.1,35,Upto ₹300 Off on Exchange
Fire,Milange Grey,Free Size,True,True,24,1299,9999,87% off,Budget,4.1,335485,Upto ₹300 Off on Exchange
Goboult,Silver,Free Size,True,True,24,1899,6999,72% off,Budget,4.2,50447,Upto ₹300 Off on Exchange
Techmaze,Black,Free Size,True,False,24,787,2899,72% off,Budget,3.6,683,Bank Offer
Noise,Space Blue,Regular,True,False,24,2999,6999,57% off,Mid-Range,4.2,14943,Upto ₹300 Off on Exchange
Boat,Blue,Free Size,True,True,25,1099,6999,84% off,Budget,4.1,134922,Super Deals
Noise,Midnight Blue,Regular,True,True,25,999,5999,83% off,Budget,4.1,883543,Super Deals
Fastrack,Black,Free Size,False,False,25,3999,5499,27% off,Mid-Range,3.8,69,Upto ₹300 Off on Exchange
Clubclassy,black,Free Size,True,False,25,500,999,49% off,Budget,4.1,402661,Bank Offer
Apple,Midnight,Free Size,True,False,25,24999,32900,24% off,Luxury,4.4,13,Upto ₹300 Off on Exchange
Epaal,Green,Free Size,True,False,25,286,499,42% off,Budget,4.1,4395,Bank Offer
Goboult,Metal Black,Free Size,True,True,25,1199,8999,86% off,Budget,4.2,2335,Upto ₹300 Off on Exchange
Goboult,Ash Black,Free Size,False,True,25,1599,9999,84% off,Budget,4.0,20427,Super Deals
Db,Pack of 4,Free Size,False,False,25,154,599,74% off,Budget,3.6,26,Bank Offer
Noise,Nickel Brown,Regular,True,False,25,1299,5999,78% off,Budget,4.1,929,Upto ₹300 Off on Exchange
Goboult,Black,Free Size,True,True,25,2499,7999,68% off,Mid-Range,4.1,402661,Upto ₹300 Off on Exchange
Fire,Charcoal Grey,Free Size,False,True,25,999,14999,93% off,Budget,4.1,482547,Super Deals
Fastrack,Black,Free Size,True,False,25,3499,8995,61% off,Mid-Range,4.3,183,Upto ₹300 Off on Exchange
Noise,Deep Wine,Regular,True,False,25,2499,6999,64% off,Mid-Range,4.0,576,Upto ₹300 Off on Exchange
Samsung,Black,Large,True,False,25,50999,59999,15% off,Ultra-Luxury,4.5,147,Upto ₹300 Off on Exchange
Boat,Active Black,Free Size,True,False,25,1599,6499,75% off,Budget,4.1,18702,Upto ₹300 Off on Exchange
Boat,Bold Black,Free Size,True,True,25,1199,7990,84% off,Budget,4.1,424423,Upto ₹300 Off on Exchange
Goboult,Jet Black,Free Size,True,True,25,1899,6999,72% off,Budget,4.2,50447,Upto ₹300 Off on Exchange
Fastrack,Black,Free Size,True,False,25,1599,2995,46% off,Budget,4.3,11586,Upto ₹300 Off on Exchange
Motorola,Pantone Parachute Purple Band,Free Size,False,False,25,5999,11999,50% off,Premium,4.1,109,Super Deals
Gamesir,Black,Free Size,False,True,25,894,3999,77% off,Budget,3.7,718,Bank Offer
Fire,Black Dual,Free Size,False,True,25,1299,9999,87% off,Budget,4.1,335485,Super Deals
Rmdshub,Black,Free size,False,False,25,455,2999,84% off,Budget,3.4,32,Bank Offer
Noise,Jet Black,Regular,True,False,25,2999,6999,57% off,Mid-Range,4.2,14943,Upto ₹300 Off on Exchange
Melbon,Orange,Free Size,False,False,25,703,2999,76% off,Budget,3.7,686,Bank Offer
Priavy,Black,Free Size,False,False,25,186,589,68% off,Budget,3.8,4660,Bank Offer
Goboult,Silver,Free Size,True,True,25,1299,4499,71% off,Budget,4.1,119644,Upto ₹300 Off on Exchange
Goboult,Silver,Free Size,True,True,25,1799,6999,74% off,Budget,4.0,5251,Upto ₹300 Off on Exchange
Swapit,Pack of 1,Free Size,True,False,25,167,999,83% off,Budget,3.6,650,Bank Offer
Mbs,"Gold, Pink",Free Size,False,False,25,953,4500,78% off,Budget,3.8,1316,Bank Offer
Goboult,Green,Free Size,True,True,25,1099,7999,86% off,Budget,4.1,402661,Upto ₹300 Off on Exchange
Punnkfunnk,Black,Regular Size,False,True,25,834,2999,72% off,Budget,3.7,1085,Bank Offer
Google,Obsidian,Free Size,True,False,25,43900,6999,84% off,Luxury,4.5,42,Upto ₹300 Off on Exchange
Yash,Black,Free Size,False,False,25,472,1499,68% off,Budget,3.6,75,Bank Offer
Amazfit,Blush,Free Size,False,False,25,7999,14999,46% off,Premium,4.7,40,Super Deals
Goboult,Pure Black,Free Size,True,False,25,1299,7999,83% off,Budget,4.1,8713,Upto ₹300 Off on Exchange
Fire,Milange Grey,Free Size,True,True,25,1299,9999,87% off,Budget,4.1,335485,Upto ₹300 Off on Exchange
Gamesir,Pink,Free Size,True,True,25,695,1999,65% off,Budget,3.7,218,Bank Offer
Fire,Gold Black,Free Size,True,False,25,2799,21000,86% off,Mid-Range,4.1,41025,Upto ₹300 Off on Exchange
Yash,BLACK,FREE SIZE,False,False,25,463,2113,78% off,Budget,3.5,17292,Bank Offer
